image_id,sample_id,image_number,cell_label,centroid_row,centroid_column,radial_bin,radius_start,radius_end,section_size_pixels,aggregate_pixels,aggregate_present,aggregate_fraction,aggregate_share,intensity_sum,intensity_mean,intensity_share,cumulative_normalized_intensity
E3_048plate3.tif,E3,1,0,90.73352435530086,168.3323782234957,0,0.0,0.1,9,9,True,1.0,0.05172413793103448,23646.0,2627.3333333333335,0.05960179768257241,0.05960179768257241
E3_048plate3.tif,E3,1,0,90.73352435530086,168.3323782234957,1,0.1,0.2,38,28,True,0.7368421052631579,0.16091954022988506,56652.0,2023.2857142857142,0.14279628868785807,0.2023980863704305
E3_048plate3.tif,E3,1,0,90.73352435530086,168.3323782234957,2,0.2,0.3,87,56,True,0.6436781609195402,0.3218390804597701,132286.0,2362.25,0.3334383577872272,0.5358364441576577
E3_048plate3.tif,E3,1,0,90.73352435530086,168.3323782234957,3,0.3,0.4,118,30,True,0.2542372881355932,0.1724137931034483,65530.0,2184.3333333333335,0.16517405912792735,0.7010105032855851
E3_048plate3.tif,E3,1,0,90.73352435530086,168.3323782234957,4,0.4,0.5,159,19,True,0.11949685534591195,0.10919540229885058,45181.0,2377.9473684210525,0.11388263643306708,0.8148931397186522
E3_048plate3.tif,E3,1,0,90.73352435530086,168.3323782234957,5,0.5,0.6,209,17,True,0.08133971291866028,0.09770114942528736,43889.0,2581.705882352941,0.11062603816672674,0.925519177885379
E3_048plate3.tif,E3,1,0,90.73352435530086,168.3323782234957,6,0.6,0.7,251,13,True,0.05179282868525897,0.07471264367816093,26218.0,2016.7692307692307,0.06608474717253165,0.9916039250579106
E3_048plate3.tif,E3,1,0,90.73352435530086,168.3323782234957,7,0.7,0.8,308,2,True,0.006493506493506494,0.011494252873563218,3331.0,1665.5,0.008396074942089516,1.0000000000000002
E3_048plate3.tif,E3,1,0,90.73352435530086,168.3323782234957,8,0.8,0.9,385,0,False,0.0,0.0,0.0,0.0,0.0,1.0000000000000002
E3_048plate3.tif,E3,1,0,90.73352435530086,168.3323782234957,9,0.9,1.0,521,0,False,0.0,0.0,0.0,0.0,0.0,1.0000000000000002
E3_048plate3.tif,E3,1,1,610.257281553398,1742.611650485437,0,0.0,0.1,8,0,False,0.0,0.0,0.0,0.0,0.0,0.0
E3_048plate3.tif,E3,1,1,610.257281553398,1742.611650485437,1,0.1,0.2,34,0,False,0.0,0.0,0.0,0.0,0.0,0.0
E3_048plate3.tif,E3,1,1,610.257281553398,1742.611650485437,2,0.2,0.3,58,0,False,0.0,0.0,0.0,0.0,0.0,0.0
E3_048plate3.tif,E3,1,1,610.257281553398,1742.611650485437,3,0.3,0.4,92,0,False,0.0,0.0,0.0,0.0,0.0,0.0
E3_048plate3.tif,E3,1,1,610.257281553398,1742.611650485437,4,0.4,0.5,135,37,True,0.2740740740740741,0.1182108626198083,72989.0,1972.6756756756756,0.09090478841524093,0.09090478841524093
E3_048plate3.tif,E3,1,1,610.257281553398,1742.611650485437,5,0.5,0.6,181,85,True,0.4696132596685083,0.2715654952076677,225651.0,2654.7176470588233,0.28103901150430244,0.37194379991954335
E3_048plate3.tif,E3,1,1,610.257281553398,1742.611650485437,6,0.6,0.7,241,118,True,0.4896265560165975,0.3769968051118211,305813.0,2591.635593220339,0.3808774755049401,0.7528212754244834
E3_048plate3.tif,E3,1,1,610.257281553398,1742.611650485437,7,0.7,0.8,344,58,True,0.1686046511627907,0.1853035143769968,168003.0,2896.603448275862,0.209240805712172,0.9620620811366554
E3_048plate3.tif,E3,1,1,610.257281553398,1742.611650485437,8,0.8,0.9,503,15,True,0.02982107355864811,0.04792332268370607,30461.0,2030.7333333333333,0.03793791886334453,0.9999999999999999
E3_048plate3.tif,E3,1,1,610.257281553398,1742.611650485437,9,0.9,1.0,766,0,False,0.0,0.0,0.0,0.0,0.0,0.9999999999999999
E3_048plate3.tif,E3,1,2,833.4509345794393,720.2149532710281,0,0.0,0.1,13,0,False,0.0,0.0,0.0,0.0,0.0,0.0
E3_048plate3.tif,E3,1,2,833.4509345794393,720.2149532710281,1,0.1,0.2,44,0,False,0.0,0.0,0.0,0.0,0.0,0.0
E3_048plate3.tif,E3,1,2,833.4509345794393,720.2149532710281,2,0.2,0.3,91,0,False,0.0,0.0,0.0,0.0,0.0,0.0
E3_048plate3.tif,E3,1,2,833.4509345794393,720.2149532710281,3,0.3,0.4,143,2,True,0.013986013986013986,0.023529411764705882,3080.0,1540.0,0.019261556934160495,0.019261556934160495
E3_048plate3.tif,E3,1,2,833.4509345794393,720.2149532710281,4,0.4,0.5,212,11,True,0.05188679245283019,0.12941176470588237,20631.0,1875.5454545454545,0.12902116269761857,0.14828271963177905
E3_048plate3.tif,E3,1,2,833.4509345794393,720.2149532710281,5,0.5,0.6,313,62,True,0.19808306709265175,0.7294117647058823,118519.0,1911.5967741935483,0.7411884630778467,0.8894711827096258
E3_048plate3.tif,E3,1,2,833.4509345794393,720.2149532710281,6,0.6,0.7,399,10,True,0.02506265664160401,0.11764705882352941,17674.0,1767.4,0.11052881729037423,1.0
E3_048plate3.tif,E3,1,2,833.4509345794393,720.2149532710281,7,0.7,0.8,500,0,False,0.0,0.0,0.0,0.0,0.0,1.0
E3_048plate3.tif,E3,1,2,833.4509345794393,720.2149532710281,8,0.8,0.9,581,0,False,0.0,0.0,0.0,0.0,0.0,1.0
E3_048plate3.tif,E3,1,2,833.4509345794393,720.2149532710281,9,0.9,1.0,792,0,False,0.0,0.0,0.0,0.0,0.0,1.0
E3_048plate3.tif,E3,1,3,1093.1152173913044,1503.7260869565218,0,0.0,0.1,15,0,False,0.0,0.0,0.0,0.0,0.0,0.0
E3_048plate3.tif,E3,1,3,1093.1152173913044,1503.7260869565218,1,0.1,0.2,62,0,False,0.0,0.0,0.0,0.0,0.0,0.0
E3_048plate3.tif,E3,1,3,1093.1152173913044,1503.7260869565218,2,0.2,0.3,129,0,False,0.0,0.0,0.0,0.0,0.0,0.0
E3_048plate3.tif,E3,1,3,1093.1152173913044,1503.7260869565218,3,0.3,0.4,226,0,False,0.0,0.0,0.0,0.0,0.0,0.0
E3_048plate3.tif,E3,1,3,1093.1152173913044,1503.7260869565218,4,0.4,0.5,296,0,False,0.0,0.0,0.0,0.0,0.0,0.0
E3_048plate3.tif,E3,1,3,1093.1152173913044,1503.7260869565218,5,0.5,0.6,385,0,False,0.0,0.0,0.0,0.0,0.0,0.0
E3_048plate3.tif,E3,1,3,1093.1152173913044,1503.7260869565218,6,0.6,0.7,473,0,False,0.0,0.0,0.0,0.0,0.0,0.0
E3_048plate3.tif,E3,1,3,1093.1152173913044,1503.7260869565218,7,0.7,0.8,567,0,False,0.0,0.0,0.0,0.0,0.0,0.0
E3_048plate3.tif,E3,1,3,1093.1152173913044,1503.7260869565218,8,0.8,0.9,657,0,False,0.0,0.0,0.0,0.0,0.0,0.0
E3_048plate3.tif,E3,1,3,1093.1152173913044,1503.7260869565218,9,0.9,1.0,870,0,False,0.0,0.0,0.0,0.0,0.0,0.0
E3_048plate3.tif,E3,1,4,1235.140625,337.25,0,0.0,0.1,4,0,False,0.0,0.0,0.0,0.0,0.0,0.0
E3_048plate3.tif,E3,1,4,1235.140625,337.25,1,0.1,0.2,15,0,False,0.0,0.0,0.0,0.0,0.0,0.0
E3_048plate3.tif,E3,1,4,1235.140625,337.25,2,0.2,0.3,30,0,False,0.0,0.0,0.0,0.0,0.0,0.0
E3_048plate3.tif,E3,1,4,1235.140625,337.25,3,0.3,0.4,48,0,False,0.0,0.0,0.0,0.0,0.0,0.0
E3_048plate3.tif,E3,1,4,1235.140625,337.25,4,0.4,0.5,64,0,False,0.0,0.0,0.0,0.0,0.0,0.0
E3_048plate3.tif,E3,1,4,1235.140625,337.25,5,0.5,0.6,85,0,False,0.0,0.0,0.0,0.0,0.0,0.0
E3_048plate3.tif,E3,1,4,1235.140625,337.25,6,0.6,0.7,107,0,False,0.0,0.0,0.0,0.0,0.0,0.0
E3_048plate3.tif,E3,1,4,1235.140625,337.25,7,0.7,0.8,127,0,False,0.0,0.0,0.0,0.0,0.0,0.0
E3_048plate3.tif,E3,1,4,1235.140625,337.25,8,0.8,0.9,152,0,False,0.0,0.0,0.0,0.0,0.0,0.0
E3_048plate3.tif,E3,1,4,1235.140625,337.25,9,0.9,1.0,246,0,False,0.0,0.0,0.0,0.0,0.0,0.0
E3_048plate3.tif,E3,1,5,1261.6266233766235,341.5681818181818,0,0.0,0.1,7,0,False,0.0,0.0,0.0,0.0,0.0,0.0
E3_048plate3.tif,E3,1,5,1261.6266233766235,341.5681818181818,1,0.1,0.2,23,0,False,0.0,0.0,0.0,0.0,0.0,0.0
E3_048plate3.tif,E3,1,5,1261.6266233766235,341.5681818181818,2,0.2,0.3,45,0,False,0.0,0.0,0.0,0.0,0.0,0.0
E3_048plate3.tif,E3,1,5,1261.6266233766235,341.5681818181818,3,0.3,0.4,66,2,True,0.030303030303030304,0.02531645569620253,6460.0,3230.0,0.032642089093702,0.032642089093702
E3_048plate3.tif,E3,1,5,1261.6266233766235,341.5681818181818,4,0.4,0.5,86,12,True,0.13953488372093023,0.1518987341772152,28876.0,2406.3333333333335,0.14590912765785433,0.17855121675155633
E3_048plate3.tif,E3,1,5,1261.6266233766235,341.5681818181818,5,0.5,0.6,108,17,True,0.1574074074074074,0.21518987341772153,42001.0,2470.6470588235293,0.2122291616137117,0.390780378365268
E3_048plate3.tif,E3,1,5,1261.6266233766235,341.5681818181818,6,0.6,0.7,142,26,True,0.18309859154929578,0.3291139240506329,70531.0,2712.730769230769,0.3563899668526154,0.7471703452178835
E3_048plate3.tif,E3,1,5,1261.6266233766235,341.5681818181818,7,0.7,0.8,167,20,True,0.11976047904191617,0.25316455696202533,46091.0,2304.55,0.23289574743309888,0.9800660926509823
E3_048plate3.tif,E3,1,5,1261.6266233766235,341.5681818181818,8,0.8,0.9,197,2,True,0.01015228426395939,0.02531645569620253,3945.0,1972.5,0.019933907349017704,1.0
E3_048plate3.tif,E3,1,5,1261.6266233766235,341.5681818181818,9,0.9,1.0,285,0,False,0.0,0.0,0.0,0.0,0.0,1.0
E3_048plate3.tif,E3,1,6,1277.2794759825329,557.1048034934498,0,0.0,0.1,7,0,False,0.0,0.0,0.0,0.0,0.0,0.0
E3_048plate3.tif,E3,1,6,1277.2794759825329,557.1048034934498,1,0.1,0.2,23,0,False,0.0,0.0,0.0,0.0,0.0,0.0
E3_048plate3.tif,E3,1,6,1277.2794759825329,557.1048034934498,2,0.2,0.3,45,0,False,0.0,0.0,0.0,0.0,0.0,0.0
E3_048plate3.tif,E3,1,6,1277.2794759825329,557.1048034934498,3,0.3,0.4,67,0,False,0.0,0.0,0.0,0.0,0.0,0.0
E3_048plate3.tif,E3,1,6,1277.2794759825329,557.1048034934498,4,0.4,0.5,88,0,False,0.0,0.0,0.0,0.0,0.0,0.0
E3_048plate3.tif,E3,1,6,1277.2794759825329,557.1048034934498,5,0.5,0.6,110,3,True,0.02727272727272727,1.0,5201.0,1733.6666666666667,1.0,1.0
E3_048plate3.tif,E3,1,6,1277.2794759825329,557.1048034934498,6,0.6,0.7,135,0,False,0.0,0.0,0.0,0.0,0.0,1.0
E3_048plate3.tif,E3,1,6,1277.2794759825329,557.1048034934498,7,0.7,0.8,150,0,False,0.0,0.0,0.0,0.0,0.0,1.0
E3_048plate3.tif,E3,1,6,1277.2794759825329,557.1048034934498,8,0.8,0.9,187,0,False,0.0,0.0,0.0,0.0,0.0,1.0
E3_048plate3.tif,E3,1,6,1277.2794759825329,557.1048034934498,9,0.9,1.0,277,0,False,0.0,0.0,0.0,0.0,0.0,1.0
E3_048plate3.tif,E3,1,7,1332.8815789473683,1156.3859649122808,0,0.0,0.1,4,0,False,0.0,0.0,0.0,0.0,0.0,0.0
E3_048plate3.tif,E3,1,7,1332.8815789473683,1156.3859649122808,1,0.1,0.2,20,0,False,0.0,0.0,0.0,0.0,0.0,0.0
E3_048plate3.tif,E3,1,7,1332.8815789473683,1156.3859649122808,2,0.2,0.3,35,0,False,0.0,0.0,0.0,0.0,0.0,0.0
E3_048plate3.tif,E3,1,7,1332.8815789473683,1156.3859649122808,3,0.3,0.4,52,0,False,0.0,0.0,0.0,0.0,0.0,0.0
E3_048plate3.tif,E3,1,7,1332.8815789473683,1156.3859649122808,4,0.4,0.5,84,0,False,0.0,0.0,0.0,0.0,0.0,0.0
E3_048plate3.tif,E3,1,7,1332.8815789473683,1156.3859649122808,5,0.5,0.6,110,0,False,0.0,0.0,0.0,0.0,0.0,0.0
E3_048plate3.tif,E3,1,7,1332.8815789473683,1156.3859649122808,6,0.6,0.7,141,0,False,0.0,0.0,0.0,0.0,0.0,0.0
E3_048plate3.tif,E3,1,7,1332.8815789473683,1156.3859649122808,7,0.7,0.8,160,0,False,0.0,0.0,0.0,0.0,0.0,0.0
E3_048plate3.tif,E3,1,7,1332.8815789473683,1156.3859649122808,8,0.8,0.9,190,0,False,0.0,0.0,0.0,0.0,0.0,0.0
E3_048plate3.tif,E3,1,7,1332.8815789473683,1156.3859649122808,9,0.9,1.0,300,0,False,0.0,0.0,0.0,0.0,0.0,0.0
E3_048plate3.tif,E3,1,8,1468.9268292682927,2258.1524390243903,0,0.0,0.1,6,0,False,0.0,0.0,0.0,0.0,0.0,0.0
E3_048plate3.tif,E3,1,8,1468.9268292682927,2258.1524390243903,1,0.1,0.2,19,0,False,0.0,0.0,0.0,0.0,0.0,0.0
E3_048plate3.tif,E3,1,8,1468.9268292682927,2258.1524390243903,2,0.2,0.3,41,0,False,0.0,0.0,0.0,0.0,0.0,0.0
E3_048plate3.tif,E3,1,8,1468.9268292682927,2258.1524390243903,3,0.3,0.4,60,0,False,0.0,0.0,0.0,0.0,0.0,0.0
E3_048plate3.tif,E3,1,8,1468.9268292682927,2258.1524390243903,4,0.4,0.5,85,0,False,0.0,0.0,0.0,0.0,0.0,0.0
E3_048plate3.tif,E3,1,8,1468.9268292682927,2258.1524390243903,5,0.5,0.6,126,0,False,0.0,0.0,0.0,0.0,0.0,0.0
E3_048plate3.tif,E3,1,8,1468.9268292682927,2258.1524390243903,6,0.6,0.7,182,0,False,0.0,0.0,0.0,0.0,0.0,0.0
E3_048plate3.tif,E3,1,8,1468.9268292682927,2258.1524390243903,7,0.7,0.8,265,0,False,0.0,0.0,0.0,0.0,0.0,0.0
E3_048plate3.tif,E3,1,8,1468.9268292682927,2258.1524390243903,8,0.8,0.9,447,0,False,0.0,0.0,0.0,0.0,0.0,0.0
E3_048plate3.tif,E3,1,8,1468.9268292682927,2258.1524390243903,9,0.9,1.0,838,0,False,0.0,0.0,0.0,0.0,0.0,0.0
E3_048plate3.tif,E3,1,9,1487.1271676300578,209.15606936416185,0,0.0,0.1,7,0,False,0.0,0.0,0.0,0.0,0.0,0.0
E3_048plate3.tif,E3,1,9,1487.1271676300578,209.15606936416185,1,0.1,0.2,25,0,False,0.0,0.0,0.0,0.0,0.0,0.0
E3_048plate3.tif,E3,1,9,1487.1271676300578,209.15606936416185,2,0.2,0.3,49,0,False,0.0,0.0,0.0,0.0,0.0,0.0
E3_048plate3.tif,E3,1,9,1487.1271676300578,209.15606936416185,3,0.3,0.4,68,0,False,0.0,0.0,0.0,0.0,0.0,0.0
E3_048plate3.tif,E3,1,9,1487.1271676300578,209.15606936416185,4,0.4,0.5,91,0,False,0.0,0.0,0.0,0.0,0.0,0.0
E3_048plate3.tif,E3,1,9,1487.1271676300578,209.15606936416185,5,0.5,0.6,112,0,False,0.0,0.0,0.0,0.0,0.0,0.0
E3_048plate3.tif,E3,1,9,1487.1271676300578,209.15606936416185,6,0.6,0.7,133,0,False,0.0,0.0,0.0,0.0,0.0,0.0
E3_048plate3.tif,E3,1,9,1487.1271676300578,209.15606936416185,7,0.7,0.8,166,0,False,0.0,0.0,0.0,0.0,0.0,0.0
E3_048plate3.tif,E3,1,9,1487.1271676300578,209.15606936416185,8,0.8,0.9,204,0,False,0.0,0.0,0.0,0.0,0.0,0.0
E3_048plate3.tif,E3,1,9,1487.1271676300578,209.15606936416185,9,0.9,1.0,270,0,False,0.0,0.0,0.0,0.0,0.0,0.0
E3_048plate3.tif,E3,1,10,1577.8056680161944,2116.769230769231,0,0.0,0.1,7,0,False,0.0,0.0,0.0,0.0,0.0,0.0
E3_048plate3.tif,E3,1,10,1577.8056680161944,2116.769230769231,1,0.1,0.2,25,0,False,0.0,0.0,0.0,0.0,0.0,0.0
E3_048plate3.tif,E3,1,10,1577.8056680161944,2116.769230769231,2,0.2,0.3,50,0,False,0.0,0.0,0.0,0.0,0.0,0.0
E3_048plate3.tif,E3,1,10,1577.8056680161944,2116.769230769231,3,0.3,0.4,74,0,False,0.0,0.0,0.0,0.0,0.0,0.0
E3_048plate3.tif,E3,1,10,1577.8056680161944,2116.769230769231,4,0.4,0.5,96,0,False,0.0,0.0,0.0,0.0,0.0,0.0
E3_048plate3.tif,E3,1,10,1577.8056680161944,2116.769230769231,5,0.5,0.6,127,0,False,0.0,0.0,0.0,0.0,0.0,0.0
E3_048plate3.tif,E3,1,10,1577.8056680161944,2116.769230769231,6,0.6,0.7,154,0,False,0.0,0.0,0.0,0.0,0.0,0.0
E3_048plate3.tif,E3,1,10,1577.8056680161944,2116.769230769231,7,0.7,0.8,182,0,False,0.0,0.0,0.0,0.0,0.0,0.0
E3_048plate3.tif,E3,1,10,1577.8056680161944,2116.769230769231,8,0.8,0.9,214,0,False,0.0,0.0,0.0,0.0,0.0,0.0
E3_048plate3.tif,E3,1,10,1577.8056680161944,2116.769230769231,9,0.9,1.0,307,0,False,0.0,0.0,0.0,0.0,0.0,0.0
E3_048plate3.tif,E3,1,11,1887.4872881355932,1848.7372881355932,0,0.0,0.1,3,0,False,0.0,0.0,0.0,0.0,0.0,0.0
E3_048plate3.tif,E3,1,11,1887.4872881355932,1848.7372881355932,1,0.1,0.2,10,0,False,0.0,0.0,0.0,0.0,0.0,0.0
E3_048plate3.tif,E3,1,11,1887.4872881355932,1848.7372881355932,2,0.2,0.3,32,0,False,0.0,0.0,0.0,0.0,0.0,0.0
E3_048plate3.tif,E3,1,11,1887.4872881355932,1848.7372881355932,3,0.3,0.4,48,2,True,0.041666666666666664,0.028169014084507043,3266.0,1633.0,0.026872032845424103,0.026872032845424103
E3_048plate3.tif,E3,1,11,1887.4872881355932,1848.7372881355932,4,0.4,0.5,70,16,True,0.22857142857142856,0.22535211267605634,27789.0,1736.8125,0.22864265791227506,0.25551469075769917
E3_048plate3.tif,E3,1,11,1887.4872881355932,1848.7372881355932,5,0.5,0.6,90,24,True,0.26666666666666666,0.3380281690140845,40955.0,1706.4583333333333,0.3369700260821629,0.5924847168398621
E3_048plate3.tif,E3,1,11,1887.4872881355932,1848.7372881355932,6,0.6,0.7,118,23,True,0.19491525423728814,0.323943661971831,39489.0,1716.9130434782608,0.32490805420482316,0.9173927710446853
E3_048plate3.tif,E3,1,11,1887.4872881355932,1848.7372881355932,7,0.7,0.8,133,6,True,0.045112781954887216,0.08450704225352113,10040.0,1673.3333333333333,0.08260722895531475,1.0
E3_048plate3.tif,E3,1,11,1887.4872881355932,1848.7372881355932,8,0.8,0.9,159,0,False,0.0,0.0,0.0,0.0,0.0,1.0
E3_048plate3.tif,E3,1,11,1887.4872881355932,1848.7372881355932,9,0.9,1.0,232,0,False,0.0,0.0,0.0,0.0,0.0,1.0
E3_048plate3.tif,E3,1,12,1951.258947368421,1256.4231578947367,0,0.0,0.1,12,0,False,0.0,0.0,0.0,0.0,0.0,0.0
E3_048plate3.tif,E3,1,12,1951.258947368421,1256.4231578947367,1,0.1,0.2,34,0,False,0.0,0.0,0.0,0.0,0.0,0.0
E3_048plate3.tif,E3,1,12,1951.258947368421,1256.4231578947367,2,0.2,0.3,64,0,False,0.0,0.0,0.0,0.0,0.0,0.0
E3_048plate3.tif,E3,1,12,1951.258947368421,1256.4231578947367,3,0.3,0.4,106,0,False,0.0,0.0,0.0,0.0,0.0,0.0
E3_048plate3.tif,E3,1,12,1951.258947368421,1256.4231578947367,4,0.4,0.5,148,0,False,0.0,0.0,0.0,0.0,0.0,0.0
E3_048plate3.tif,E3,1,12,1951.258947368421,1256.4231578947367,5,0.5,0.6,199,0,False,0.0,0.0,0.0,0.0,0.0,0.0
E3_048plate3.tif,E3,1,12,1951.258947368421,1256.4231578947367,6,0.6,0.7,246,0,False,0.0,0.0,0.0,0.0,0.0,0.0
E3_048plate3.tif,E3,1,12,1951.258947368421,1256.4231578947367,7,0.7,0.8,312,0,False,0.0,0.0,0.0,0.0,0.0,0.0
E3_048plate3.tif,E3,1,12,1951.258947368421,1256.4231578947367,8,0.8,0.9,385,0,False,0.0,0.0,0.0,0.0,0.0,0.0
E3_048plate3.tif,E3,1,12,1951.258947368421,1256.4231578947367,9,0.9,1.0,512,0,False,0.0,0.0,0.0,0.0,0.0,0.0
E3_048plate3.tif,E3,1,13,1998.0,1219.9095238095238,0,0.0,0.1,11,0,False,0.0,0.0,0.0,0.0,0.0,0.0
E3_048plate3.tif,E3,1,13,1998.0,1219.9095238095238,1,0.1,0.2,48,0,False,0.0,0.0,0.0,0.0,0.0,0.0
E3_048plate3.tif,E3,1,13,1998.0,1219.9095238095238,2,0.2,0.3,97,0,False,0.0,0.0,0.0,0.0,0.0,0.0
E3_048plate3.tif,E3,1,13,1998.0,1219.9095238095238,3,0.3,0.4,153,66,True,0.43137254901960786,0.132,180065.0,2728.257575757576,0.14076937088642527,0.14076937088642527
E3_048plate3.tif,E3,1,13,1998.0,1219.9095238095238,4,0.4,0.5,228,169,True,0.7412280701754386,0.338,462556.0,2737.01775147929,0.36161229067137607,0.5023816615578014
E3_048plate3.tif,E3,1,13,1998.0,1219.9095238095238,5,0.5,0.6,326,194,True,0.5950920245398773,0.388,494501.0,2548.9742268041236,0.3865859254863976,0.888967587044199
E3_048plate3.tif,E3,1,13,1998.0,1219.9095238095238,6,0.6,0.7,422,65,True,0.15402843601895735,0.13,131953.0,2030.0461538461539,0.10315686444659691,0.9921244514907959
E3_048plate3.tif,E3,1,13,1998.0,1219.9095238095238,7,0.7,0.8,573,6,True,0.010471204188481676,0.012,10074.0,1679.0,0.007875548509204166,1.0
E3_048plate3.tif,E3,1,13,1998.0,1219.9095238095238,8,0.8,0.9,755,0,False,0.0,0.0,0.0,0.0,0.0,1.0
E3_048plate3.tif,E3,1,13,1998.0,1219.9095238095238,9,0.9,1.0,1035,0,False,0.0,0.0,0.0,0.0,0.0,1.0
E3_048plate3.tif,E3,1,14,2036.9092495636999,649.369982547993,0,0.0,0.1,10,0,False,0.0,0.0,0.0,0.0,0.0,0.0
E3_048plate3.tif,E3,1,14,2036.9092495636999,649.369982547993,1,0.1,0.2,33,0,False,0.0,0.0,0.0,0.0,0.0,0.0
E3_048plate3.tif,E3,1,14,2036.9092495636999,649.369982547993,2,0.2,0.3,60,0,False,0.0,0.0,0.0,0.0,0.0,0.0
E3_048plate3.tif,E3,1,14,2036.9092495636999,649.369982547993,3,0.3,0.4,92,12,True,0.13043478260869565,0.07741935483870968,23043.0,1920.25,0.06515377285669449,0.06515377285669449
E3_048plate3.tif,E3,1,14,2036.9092495636999,649.369982547993,4,0.4,0.5,116,20,True,0.1724137931034483,0.12903225806451613,43223.0,2161.15,0.12221245168532337,0.18736622454201785
E3_048plate3.tif,E3,1,14,2036.9092495636999,649.369982547993,5,0.5,0.6,159,27,True,0.16981132075471697,0.17419354838709677,67961.0,2517.074074074074,0.1921588142652352,0.3795250388072531
E3_048plate3.tif,E3,1,14,2036.9092495636999,649.369982547993,6,0.6,0.7,186,42,True,0.22580645161290322,0.2709677419354839,103598.0,2466.6190476190477,0.2929219528884189,0.6724469916956719
E3_048plate3.tif,E3,1,14,2036.9092495636999,649.369982547993,7,0.7,0.8,226,27,True,0.11946902654867257,0.17419354838709677,57082.0,2114.1481481481483,0.16139858795321074,0.8338455796488826
E3_048plate3.tif,E3,1,14,2036.9092495636999,649.369982547993,8,0.8,0.9,266,23,True,0.08646616541353383,0.14838709677419354,51194.0,2225.8260869565215,0.14475034707397552,0.9785959267228581
E3_048plate3.tif,E3,1,14,2036.9092495636999,649.369982547993,9,0.9,1.0,371,4,True,0.01078167115902965,0.025806451612903226,7570.0,1892.5,0.02140407327714175,0.9999999999999999
E3_048plate3.tif,E3,1,15,2092.3774834437086,112.41059602649007,0,0.0,0.1,4,0,False,0.0,0.0,0.0,0.0,0.0,0.0
E3_048plate3.tif,E3,1,15,2092.3774834437086,112.41059602649007,1,0.1,0.2,16,0,False,0.0,0.0,0.0,0.0,0.0,0.0
E3_048plate3.tif,E3,1,15,2092.3774834437086,112.41059602649007,2,0.2,0.3,34,0,False,0.0,0.0,0.0,0.0,0.0,0.0
E3_048plate3.tif,E3,1,15,2092.3774834437086,112.41059602649007,3,0.3,0.4,44,3,True,0.06818181818181818,0.037037037037037035,7743.0,2581.0,0.04317401195467928,0.04317401195467928
E3_048plate3.tif,E3,1,15,2092.3774834437086,112.41059602649007,4,0.4,0.5,65,8,True,0.12307692307692308,0.09876543209876543,20220.0,2527.5,0.11274422339191721,0.1559182353465965
E3_048plate3.tif,E3,1,15,2092.3774834437086,112.41059602649007,5,0.5,0.6,77,25,True,0.3246753246753247,0.30864197530864196,55908.0,2236.32,0.31173610491569276,0.46765434026228925
E3_048plate3.tif,E3,1,15,2092.3774834437086,112.41059602649007,6,0.6,0.7,99,34,True,0.3434343434343434,0.41975308641975306,70948.0,2086.705882352941,0.3955972878936569,0.8632516281559461
E3_048plate3.tif,E3,1,15,2092.3774834437086,112.41059602649007,7,0.7,0.8,120,11,True,0.09166666666666666,0.13580246913580246,24525.0,2229.5454545454545,0.1367483718440539,1.0
E3_048plate3.tif,E3,1,15,2092.3774834437086,112.41059602649007,8,0.8,0.9,140,0,False,0.0,0.0,0.0,0.0,0.0,1.0
E3_048plate3.tif,E3,1,15,2092.3774834437086,112.41059602649007,9,0.9,1.0,199,0,False,0.0,0.0,0.0,0.0,0.0,1.0
E3_048plate3.tif,E3,1,16,2215.2072829131653,491.8795518207283,0,0.0,0.1,10,0,False,0.0,0.0,0.0,0.0,0.0,0.0
E3_048plate3.tif,E3,1,16,2215.2072829131653,491.8795518207283,1,0.1,0.2,41,0,False,0.0,0.0,0.0,0.0,0.0,0.0
E3_048plate3.tif,E3,1,16,2215.2072829131653,491.8795518207283,2,0.2,0.3,68,0,False,0.0,0.0,0.0,0.0,0.0,0.0
E3_048plate3.tif,E3,1,16,2215.2072829131653,491.8795518207283,3,0.3,0.4,96,0,False,0.0,0.0,0.0,0.0,0.0,0.0
E3_048plate3.tif,E3,1,16,2215.2072829131653,491.8795518207283,4,0.4,0.5,131,13,True,0.09923664122137404,0.24528301886792453,27814.0,2139.5384615384614,0.28619937438261445,0.28619937438261445
E3_048plate3.tif,E3,1,16,2215.2072829131653,491.8795518207283,5,0.5,0.6,158,27,True,0.17088607594936708,0.5094339622641509,48024.0,1778.6666666666667,0.49415541652946987,0.7803547909120843
E3_048plate3.tif,E3,1,16,2215.2072829131653,491.8795518207283,6,0.6,0.7,186,10,True,0.053763440860215055,0.18867924528301888,16704.0,1670.4,0.1718801448798156,0.9522349357918999
E3_048plate3.tif,E3,1,16,2215.2072829131653,491.8795518207283,7,0.7,0.8,222,3,True,0.013513513513513514,0.05660377358490566,4642.0,1547.3333333333333,0.047765064208100096,1.0
E3_048plate3.tif,E3,1,16,2215.2072829131653,491.8795518207283,8,0.8,0.9,265,0,False,0.0,0.0,0.0,0.0,0.0,1.0
E3_048plate3.tif,E3,1,16,2215.2072829131653,491.8795518207283,9,0.9,1.0,354,0,False,0.0,0.0,0.0,0.0,0.0,1.0
E3_055plate2.tif,E3,2,0,989.7963800904978,2186.493212669683,0,0.0,0.1,4,0,False,0.0,0.0,0.0,0.0,0.0,0.0
E3_055plate2.tif,E3,2,0,989.7963800904978,2186.493212669683,1,0.1,0.2,21,0,False,0.0,0.0,0.0,0.0,0.0,0.0
E3_055plate2.tif,E3,2,0,989.7963800904978,2186.493212669683,2,0.2,0.3,29,3,True,0.10344827586206896,0.03,7444.0,2481.3333333333335,0.029051456670634378,0.029051456670634378
E3_055plate2.tif,E3,2,0,989.7963800904978,2186.493212669683,3,0.3,0.4,51,9,True,0.17647058823529413,0.09,23496.0,2610.6666666666665,0.09169707495072882,0.1207485316213632
E3_055plate2.tif,E3,2,0,989.7963800904978,2186.493212669683,4,0.4,0.5,66,13,True,0.19696969696969696,0.13,37576.0,2890.4615384615386,0.14664663297363748,0.2673951645950007
E3_055plate2.tif,E3,2,0,989.7963800904978,2186.493212669683,5,0.5,0.6,77,29,True,0.37662337662337664,0.29,88256.0,3043.310344827586,0.34443382051632293,0.6118289851113237
E3_055plate2.tif,E3,2,0,989.7963800904978,2186.493212669683,6,0.6,0.7,95,40,True,0.42105263157894735,0.4,89567.0,2239.175,0.34955021757371163,0.9613792026850353
E3_055plate2.tif,E3,2,0,989.7963800904978,2186.493212669683,7,0.7,0.8,118,6,True,0.05084745762711865,0.06,9896.0,1649.3333333333333,0.03862079731496478,1.0
E3_055plate2.tif,E3,2,0,989.7963800904978,2186.493212669683,8,0.8,0.9,129,0,False,0.0,0.0,0.0,0.0,0.0,1.0
E3_055plate2.tif,E3,2,0,989.7963800904978,2186.493212669683,9,0.9,1.0,199,0,False,0.0,0.0,0.0,0.0,0.0,1.0
E3_055plate2.tif,E3,2,1,1231.625514403292,1622.6666666666667,0,0.0,0.1,8,0,False,0.0,0.0,0.0,0.0,0.0,0.0
E3_055plate2.tif,E3,2,1,1231.625514403292,1622.6666666666667,1,0.1,0.2,28,0,False,0.0,0.0,0.0,0.0,0.0,0.0
E3_055plate2.tif,E3,2,1,1231.625514403292,1622.6666666666667,2,0.2,0.3,49,0,False,0.0,0.0,0.0,0.0,0.0,0.0
E3_055plate2.tif,E3,2,1,1231.625514403292,1622.6666666666667,3,0.3,0.4,88,7,True,0.07954545454545454,0.0673076923076923,17768.0,2538.285714285714,0.06822169747931425,0.06822169747931425
E3_055plate2.tif,E3,2,1,1231.625514403292,1622.6666666666667,4,0.4,0.5,125,36,True,0.288,0.34615384615384615,90091.0,2502.527777777778,0.3459118047956382,0.4141335022749525
E3_055plate2.tif,E3,2,1,1231.625514403292,1622.6666666666667,5,0.5,0.6,167,39,True,0.23353293413173654,0.375,97240.0,2493.3333333333335,0.3733609783255582,0.7874944806005106
E3_055plate2.tif,E3,2,1,1231.625514403292,1622.6666666666667,6,0.6,0.7,212,21,True,0.09905660377358491,0.20192307692307693,53670.0,2555.714285714286,0.20607037954270577,0.9935648601432164
E3_055plate2.tif,E3,2,1,1231.625514403292,1622.6666666666667,7,0.7,0.8,260,1,True,0.0038461538461538464,0.009615384615384616,1676.0,1676.0,0.006435139856783582,1.0
E3_055plate2.tif,E3,2,1,1231.625514403292,1622.6666666666667,8,0.8,0.9,320,0,False,0.0,0.0,0.0,0.0,0.0,1.0
E3_055plate2.tif,E3,2,1,1231.625514403292,1622.6666666666667,9,0.9,1.0,445,0,False,0.0,0.0,0.0,0.0,0.0,1.0
E3_055plate2.tif,E3,2,2,1321.3346613545816,1427.980079681275,0,0.0,0.1,6,0,False,0.0,0.0,0.0,0.0,0.0,0.0
E3_055plate2.tif,E3,2,2,1321.3346613545816,1427.980079681275,1,0.1,0.2,23,0,False,0.0,0.0,0.0,0.0,0.0,0.0
E3_055plate2.tif,E3,2,2,1321.3346613545816,1427.980079681275,2,0.2,0.3,45,0,False,0.0,0.0,0.0,0.0,0.0,0.0
E3_055plate2.tif,E3,2,2,1321.3346613545816,1427.980079681275,3,0.3,0.4,68,0,False,0.0,0.0,0.0,0.0,0.0,0.0
E3_055plate2.tif,E3,2,2,1321.3346613545816,1427.980079681275,4,0.4,0.5,89,0,False,0.0,0.0,0.0,0.0,0.0,0.0
E3_055plate2.tif,E3,2,2,1321.3346613545816,1427.980079681275,5,0.5,0.6,119,0,False,0.0,0.0,0.0,0.0,0.0,0.0
E3_055plate2.tif,E3,2,2,1321.3346613545816,1427.980079681275,6,0.6,0.7,143,0,False,0.0,0.0,0.0,0.0,0.0,0.0
E3_055plate2.tif,E3,2,2,1321.3346613545816,1427.980079681275,7,0.7,0.8,167,0,False,0.0,0.0,0.0,0.0,0.0,0.0
E3_055plate2.tif,E3,2,2,1321.3346613545816,1427.980079681275,8,0.8,0.9,205,0,False,0.0,0.0,0.0,0.0,0.0,0.0
E3_055plate2.tif,E3,2,2,1321.3346613545816,1427.980079681275,9,0.9,1.0,293,0,False,0.0,0.0,0.0,0.0,0.0,0.0
E3_055plate2.tif,E3,2,3,1974.2995169082126,1107.7632850241546,0,0.0,0.1,6,0,False,0.0,0.0,0.0,0.0,0.0,0.0
E3_055plate2.tif,E3,2,3,1974.2995169082126,1107.7632850241546,1,0.1,0.2,24,0,False,0.0,0.0,0.0,0.0,0.0,0.0
E3_055plate2.tif,E3,2,3,1974.2995169082126,1107.7632850241546,2,0.2,0.3,48,0,False,0.0,0.0,0.0,0.0,0.0,0.0
E3_055plate2.tif,E3,2,3,1974.2995169082126,1107.7632850241546,3,0.3,0.4,77,0,False,0.0,0.0,0.0,0.0,0.0,0.0
E3_055plate2.tif,E3,2,3,1974.2995169082126,1107.7632850241546,4,0.4,0.5,119,9,True,0.07563025210084033,0.09782608695652174,14220.0,1580.0,0.08950939785731371,0.08950939785731371
E3_055plate2.tif,E3,2,3,1974.2995169082126,1107.7632850241546,5,0.5,0.6,174,42,True,0.2413793103448276,0.45652173913043476,72821.0,1733.8333333333333,0.45838001838027015,0.5478894162375838
E3_055plate2.tif,E3,2,3,1974.2995169082126,1107.7632850241546,6,0.6,0.7,243,32,True,0.13168724279835392,0.34782608695652173,57270.0,1789.6875,0.3604924905266073,0.9083819067641912
E3_055plate2.tif,E3,2,3,1974.2995169082126,1107.7632850241546,7,0.7,0.8,414,9,True,0.021739130434782608,0.09782608695652174,14555.0,1617.2222222222222,0.0916180932358088,1.0
E3_055plate2.tif,E3,2,3,1974.2995169082126,1107.7632850241546,8,0.8,0.9,596,0,False,0.0,0.0,0.0,0.0,0.0,1.0
E3_055plate2.tif,E3,2,3,1974.2995169082126,1107.7632850241546,9,0.9,1.0,894,0,False,0.0,0.0,0.0,0.0,0.0,1.0
E3_088plate1.tif,E3,3,0,92.62295081967213,832.5136612021857,0,0.0,0.1,3,0,False,0.0,0.0,0.0,0.0,0.0,0.0
E3_088plate1.tif,E3,3,0,92.62295081967213,832.5136612021857,1,0.1,0.2,8,0,False,0.0,0.0,0.0,0.0,0.0,0.0
E3_088plate1.tif,E3,3,0,92.62295081967213,832.5136612021857,2,0.2,0.3,24,0,False,0.0,0.0,0.0,0.0,0.0,0.0
E3_088plate1.tif,E3,3,0,92.62295081967213,832.5136612021857,3,0.3,0.4,36,0,False,0.0,0.0,0.0,0.0,0.0,0.0
E3_088plate1.tif,E3,3,0,92.62295081967213,832.5136612021857,4,0.4,0.5,47,0,False,0.0,0.0,0.0,0.0,0.0,0.0
E3_088plate1.tif,E3,3,0,92.62295081967213,832.5136612021857,5,0.5,0.6,65,4,True,0.06153846153846154,1.0,6860.0,1715.0,1.0,1.0
E3_088plate1.tif,E3,3,0,92.62295081967213,832.5136612021857,6,0.6,0.7,82,0,False,0.0,0.0,0.0,0.0,0.0,1.0
E3_088plate1.tif,E3,3,0,92.62295081967213,832.5136612021857,7,0.7,0.8,100,0,False,0.0,0.0,0.0,0.0,0.0,1.0
E3_088plate1.tif,E3,3,0,92.62295081967213,832.5136612021857,8,0.8,0.9,125,0,False,0.0,0.0,0.0,0.0,0.0,1.0
E3_088plate1.tif,E3,3,0,92.62295081967213,832.5136612021857,9,0.9,1.0,187,0,False,0.0,0.0,0.0,0.0,0.0,1.0
E3_088plate1.tif,E3,3,1,110.1231884057971,778.5615942028985,0,0.0,0.1,2,0,False,0.0,0.0,0.0,0.0,0.0,0.0
E3_088plate1.tif,E3,3,1,110.1231884057971,778.5615942028985,1,0.1,0.2,5,0,False,0.0,0.0,0.0,0.0,0.0,0.0
E3_088plate1.tif,E3,3,1,110.1231884057971,778.5615942028985,2,0.2,0.3,8,0,False,0.0,0.0,0.0,0.0,0.0,0.0
E3_088plate1.tif,E3,3,1,110.1231884057971,778.5615942028985,3,0.3,0.4,19,0,False,0.0,0.0,0.0,0.0,0.0,0.0
E3_088plate1.tif,E3,3,1,110.1231884057971,778.5615942028985,4,0.4,0.5,32,5,True,0.15625,0.10416666666666667,16483.0,3296.6,0.11950524552843171,0.11950524552843171
E3_088plate1.tif,E3,3,1,110.1231884057971,778.5615942028985,5,0.5,0.6,41,8,True,0.1951219512195122,0.16666666666666666,24943.0,3117.875,0.18084203962965917,0.3003472851580909
E3_088plate1.tif,E3,3,1,110.1231884057971,778.5615942028985,6,0.6,0.7,51,7,True,0.13725490196078433,0.14583333333333334,22184.0,3169.1428571428573,0.16083870453210755,0.4611859896901984
E3_088plate1.tif,E3,3,1,110.1231884057971,778.5615942028985,7,0.7,0.8,69,8,True,0.11594202898550725,0.16666666666666666,24959.0,3119.875,0.18095804302275842,0.6421440327129568
E3_088plate1.tif,E3,3,1,110.1231884057971,778.5615942028985,8,0.8,0.9,94,9,True,0.09574468085106383,0.1875,23919.0,2657.6666666666665,0.1734178224713073,0.8155618551842642
E3_088plate1.tif,E3,3,1,110.1231884057971,778.5615942028985,9,0.9,1.0,145,11,True,0.07586206896551724,0.22916666666666666,25439.0,2312.6363636363635,0.18443814481573587,1.0
E3_088plate1.tif,E3,3,2,591.8395061728395,1292.3456790123457,0,0.0,0.1,2,0,False,0.0,0.0,0.0,0.0,0.0,0.0
E3_088plate1.tif,E3,3,2,591.8395061728395,1292.3456790123457,1,0.1,0.2,10,0,False,0.0,0.0,0.0,0.0,0.0,0.0
E3_088plate1.tif,E3,3,2,591.8395061728395,1292.3456790123457,2,0.2,0.3,14,0,False,0.0,0.0,0.0,0.0,0.0,0.0
E3_088plate1.tif,E3,3,2,591.8395061728395,1292.3456790123457,3,0.3,0.4,33,8,True,0.24242424242424243,0.08080808080808081,29574.0,3696.75,0.08476500025795801,0.08476500025795801
E3_088plate1.tif,E3,3,2,591.8395061728395,1292.3456790123457,4,0.4,0.5,47,23,True,0.48936170212765956,0.23232323232323232,85055.0,3698.0434782608695,0.2437846451930959,0.3285496454510539
E3_088plate1.tif,E3,3,2,591.8395061728395,1292.3456790123457,5,0.5,0.6,59,22,True,0.3728813559322034,0.2222222222222222,78733.0,3578.7727272727275,0.2256645284814299,0.5542141739324838
E3_088plate1.tif,E3,3,2,591.8395061728395,1292.3456790123457,6,0.6,0.7,74,20,True,0.2702702702702703,0.20202020202020202,74066.0,3703.3,0.21228797285135315,0.766502146783837
E3_088plate1.tif,E3,3,2,591.8395061728395,1292.3456790123457,7,0.7,0.8,92,17,True,0.18478260869565216,0.1717171717171717,62449.0,3673.470588235294,0.17899132687865082,0.9454934736624878
E3_088plate1.tif,E3,3,2,591.8395061728395,1292.3456790123457,8,0.8,0.9,110,6,True,0.05454545454545454,0.06060606060606061,12713.0,2118.8333333333335,0.03643800122673362,0.9819314748892214
E3_088plate1.tif,E3,3,2,591.8395061728395,1292.3456790123457,9,0.9,1.0,161,3,True,0.018633540372670808,0.030303030303030304,6304.0,2101.3333333333335,0.01806852511077863,1.0
E3_088plate1.tif,E3,3,3,607.0930232558139,1270.9612403100775,0,0.0,0.1,1,0,False,0.0,0.0,0.0,0.0,0.0,0.0
E3_088plate1.tif,E3,3,3,607.0930232558139,1270.9612403100775,1,0.1,0.2,12,0,False,0.0,0.0,0.0,0.0,0.0,0.0
E3_088plate1.tif,E3,3,3,607.0930232558139,1270.9612403100775,2,0.2,0.3,22,0,False,0.0,0.0,0.0,0.0,0.0,0.0
E3_088plate1.tif,E3,3,3,607.0930232558139,1270.9612403100775,3,0.3,0.4,34,0,False,0.0,0.0,0.0,0.0,0.0,0.0
E3_088plate1.tif,E3,3,3,607.0930232558139,1270.9612403100775,4,0.4,0.5,54,0,False,0.0,0.0,0.0,0.0,0.0,0.0
E3_088plate1.tif,E3,3,3,607.0930232558139,1270.9612403100775,5,0.5,0.6,58,0,False,0.0,0.0,0.0,0.0,0.0,0.0
E3_088plate1.tif,E3,3,3,607.0930232558139,1270.9612403100775,6,0.6,0.7,79,1,True,0.012658227848101266,0.012195121951219513,1492.0,1492.0,0.005133834100082238,0.005133834100082238
E3_088plate1.tif,E3,3,3,607.0930232558139,1270.9612403100775,7,0.7,0.8,99,13,True,0.13131313131313133,0.15853658536585366,40141.0,3087.769230769231,0.13812147091916965,0.14325530501925188
E3_088plate1.tif,E3,3,3,607.0930232558139,1270.9612403100775,8,0.8,0.9,127,25,True,0.1968503937007874,0.3048780487804878,89274.0,3570.96,0.307183582741784,0.45043888776103586
E3_088plate1.tif,E3,3,3,607.0930232558139,1270.9612403100775,9,0.9,1.0,178,43,True,0.24157303370786518,0.524390243902439,159714.0,3714.279069767442,0.5495611122389642,1.0
E3_088plate1.tif,E3,3,4,615.8513513513514,1395.8648648648648,0,0.0,0.1,1,0,False,0.0,0.0,0.0,0.0,0.0,0.0
E3_088plate1.tif,E3,3,4,615.8513513513514,1395.8648648648648,1,0.1,0.2,6,0,False,0.0,0.0,0.0,0.0,0.0,0.0
E3_088plate1.tif,E3,3,4,615.8513513513514,1395.8648648648648,2,0.2,0.3,15,0,False,0.0,0.0,0.0,0.0,0.0,0.0
E3_088plate1.tif,E3,3,4,615.8513513513514,1395.8648648648648,3,0.3,0.4,46,24,True,0.5217391304347826,0.2891566265060241,71857.0,2994.0416666666665,0.3372380617153584,0.3372380617153584
E3_088plate1.tif,E3,3,4,615.8513513513514,1395.8648648648648,4,0.4,0.5,59,27,True,0.4576271186440678,0.3253012048192771,73640.0,2727.4074074074074,0.34560600727443386,0.6828440689897923
E3_088plate1.tif,E3,3,4,615.8513513513514,1395.8648648648648,5,0.5,0.6,80,18,True,0.225,0.21686746987951808,42176.0,2343.1111111111113,0.19793969259650357,0.8807837615862959
E3_088plate1.tif,E3,3,4,615.8513513513514,1395.8648648648648,6,0.6,0.7,104,12,True,0.11538461538461539,0.14457831325301204,22010.0,1834.1666666666667,0.10329696116390942,0.9840807227502053
E3_088plate1.tif,E3,3,4,615.8513513513514,1395.8648648648648,7,0.7,0.8,120,1,True,0.008333333333333333,0.012048192771084338,1490.0,1490.0,0.006992842895694004,0.9910735656458993
E3_088plate1.tif,E3,3,4,615.8513513513514,1395.8648648648648,8,0.8,0.9,155,1,True,0.0064516129032258064,0.012048192771084338,1902.0,1902.0,0.00892643435410067,1.0
E3_088plate1.tif,E3,3,4,615.8513513513514,1395.8648648648648,9,0.9,1.0,223,0,False,0.0,0.0,0.0,0.0,0.0,1.0
E3_088plate1.tif,E3,3,5,626.8333333333334,1372.6666666666667,0,0.0,0.1,0,0,False,0.0,0.0,0.0,0.0,0.0,0.0
E3_088plate1.tif,E3,3,5,626.8333333333334,1372.6666666666667,1,0.1,0.2,0,0,False,0.0,0.0,0.0,0.0,0.0,0.0
E3_088plate1.tif,E3,3,5,626.8333333333334,1372.6666666666667,2,0.2,0.3,0,0,False,0.0,0.0,0.0,0.0,0.0,0.0
E3_088plate1.tif,E3,3,5,626.8333333333334,1372.6666666666667,3,0.3,0.4,0,0,False,0.0,0.0,0.0,0.0,0.0,0.0
E3_088plate1.tif,E3,3,5,626.8333333333334,1372.6666666666667,4,0.4,0.5,0,0,False,0.0,0.0,0.0,0.0,0.0,0.0
E3_088plate1.tif,E3,3,5,626.8333333333334,1372.6666666666667,5,0.5,0.6,83,0,False,0.0,0.0,0.0,0.0,0.0,0.0
E3_088plate1.tif,E3,3,5,626.8333333333334,1372.6666666666667,6,0.6,0.7,77,0,False,0.0,0.0,0.0,0.0,0.0,0.0
E3_088plate1.tif,E3,3,5,626.8333333333334,1372.6666666666667,7,0.7,0.8,97,8,True,0.08247422680412371,0.5333333333333333,19000.0,2375.0,0.5720823798627003,0.5720823798627003
E3_088plate1.tif,E3,3,5,626.8333333333334,1372.6666666666667,8,0.8,0.9,107,7,True,0.06542056074766354,0.4666666666666667,14212.0,2030.2857142857142,0.4279176201372998,1.0
E3_088plate1.tif,E3,3,5,626.8333333333334,1372.6666666666667,9,0.9,1.0,165,0,False,0.0,0.0,0.0,0.0,0.0,1.0
E3_088plate1.tif,E3,3,6,1014.8192771084338,1554.867469879518,0,0.0,0.1,1,0,False,0.0,0.0,0.0,0.0,0.0,0.0
E3_088plate1.tif,E3,3,6,1014.8192771084338,1554.867469879518,1,0.1,0.2,8,0,False,0.0,0.0,0.0,0.0,0.0,0.0
E3_088plate1.tif,E3,3,6,1014.8192771084338,1554.867469879518,2,0.2,0.3,14,1,True,0.07142857142857142,0.008547008547008548,2710.0,2710.0,0.008446867334312047,0.008446867334312047
E3_088plate1.tif,E3,3,6,1014.8192771084338,1554.867469879518,3,0.3,0.4,25,12,True,0.48,0.10256410256410256,33125.0,2760.4166666666665,0.10324814776719062,0.11169501510150266
E3_088plate1.tif,E3,3,6,1014.8192771084338,1554.867469879518,4,0.4,0.5,33,16,True,0.48484848484848486,0.13675213675213677,41045.0,2565.3125,0.12793419547484797,0.23962921057635062
E3_088plate1.tif,E3,3,6,1014.8192771084338,1554.867469879518,5,0.5,0.6,42,22,True,0.5238095238095238,0.18803418803418803,63421.0,2882.7727272727275,0.1976785140994112,0.43730772467576184
E3_088plate1.tif,E3,3,6,1014.8192771084338,1554.867469879518,6,0.6,0.7,50,24,True,0.48,0.20512820512820512,77845.0,3243.5416666666665,0.24263704340941747,0.6799447680851793
E3_088plate1.tif,E3,3,6,1014.8192771084338,1554.867469879518,7,0.7,0.8,64,22,True,0.34375,0.18803418803418803,60586.0,2753.909090909091,0.1888420311131475,0.8687867991983269
E3_088plate1.tif,E3,3,6,1014.8192771084338,1554.867469879518,8,0.8,0.9,76,15,True,0.19736842105263158,0.1282051282051282,33129.0,2208.6,0.10326061546805307,0.97204741466638
E3_088plate1.tif,E3,3,6,1014.8192771084338,1554.867469879518,9,0.9,1.0,113,5,True,0.04424778761061947,0.042735042735042736,8968.0,1793.6,0.027952585333620092,1.0
E3_088plate1.tif,E3,3,7,1243.75,1703.375,0,0.0,0.1,1,0,False,0.0,0.0,0.0,0.0,0.0,0.0
E3_088plate1.tif,E3,3,7,1243.75,1703.375,1,0.1,0.2,5,0,False,0.0,0.0,0.0,0.0,0.0,0.0
E3_088plate1.tif,E3,3,7,1243.75,1703.375,2,0.2,0.3,11,0,False,0.0,0.0,0.0,0.0,0.0,0.0
E3_088plate1.tif,E3,3,7,1243.75,1703.375,3,0.3,0.4,16,0,False,0.0,0.0,0.0,0.0,0.0,0.0
E3_088plate1.tif,E3,3,7,1243.75,1703.375,4,0.4,0.5,27,0,False,0.0,0.0,0.0,0.0,0.0,0.0
E3_088plate1.tif,E3,3,7,1243.75,1703.375,5,0.5,0.6,29,0,False,0.0,0.0,0.0,0.0,0.0,0.0
E3_088plate1.tif,E3,3,7,1243.75,1703.375,6,0.6,0.7,39,0,False,0.0,0.0,0.0,0.0,0.0,0.0
E3_088plate1.tif,E3,3,7,1243.75,1703.375,7,0.7,0.8,42,4,True,0.09523809523809523,0.5714285714285714,6098.0,1524.5,0.5641594967156999,0.5641594967156999
E3_088plate1.tif,E3,3,7,1243.75,1703.375,8,0.8,0.9,65,3,True,0.046153846153846156,0.42857142857142855,4711.0,1570.3333333333333,0.43584050328430013,1.0
E3_088plate1.tif,E3,3,7,1243.75,1703.375,9,0.9,1.0,81,0,False,0.0,0.0,0.0,0.0,0.0,1.0
E3_088plate1.tif,E3,3,8,1253.7880184331798,1683.7327188940092,0,0.0,0.1,5,0,False,0.0,0.0,0.0,0.0,0.0,0.0
E3_088plate1.tif,E3,3,8,1253.7880184331798,1683.7327188940092,1,0.1,0.2,18,0,False,0.0,0.0,0.0,0.0,0.0,0.0
E3_088plate1.tif,E3,3,8,1253.7880184331798,1683.7327188940092,2,0.2,0.3,36,0,False,0.0,0.0,0.0,0.0,0.0,0.0
E3_088plate1.tif,E3,3,8,1253.7880184331798,1683.7327188940092,3,0.3,0.4,60,0,False,0.0,0.0,0.0,0.0,0.0,0.0
E3_088plate1.tif,E3,3,8,1253.7880184331798,1683.7327188940092,4,0.4,0.5,81,0,False,0.0,0.0,0.0,0.0,0.0,0.0
E3_088plate1.tif,E3,3,8,1253.7880184331798,1683.7327188940092,5,0.5,0.6,102,12,True,0.11764705882352941,0.3,24782.0,2065.1666666666665,0.2793282236248873,0.2793282236248873
E3_088plate1.tif,E3,3,8,1253.7880184331798,1683.7327188940092,6,0.6,0.7,133,13,True,0.09774436090225563,0.325,35350.0,2719.230769230769,0.3984445446348061,0.6777727682596935
E3_088plate1.tif,E3,3,8,1253.7880184331798,1683.7327188940092,7,0.7,0.8,186,9,True,0.04838709677419355,0.225,18884.0,2098.222222222222,0.21284941388638412,0.8906221821460776
E3_088plate1.tif,E3,3,8,1253.7880184331798,1683.7327188940092,8,0.8,0.9,260,6,True,0.023076923076923078,0.15,9704.0,1617.3333333333333,0.10937781785392245,1.0
E3_088plate1.tif,E3,3,8,1253.7880184331798,1683.7327188940092,9,0.9,1.0,353,0,False,0.0,0.0,0.0,0.0,0.0,1.0
E3_088plate1.tif,E3,3,9,1364.09900990099,1541.3564356435643,0,0.0,0.1,2,0,False,0.0,0.0,0.0,0.0,0.0,0.0
E3_088plate1.tif,E3,3,9,1364.09900990099,1541.3564356435643,1,0.1,0.2,13,0,False,0.0,0.0,0.0,0.0,0.0,0.0
E3_088plate1.tif,E3,3,9,1364.09900990099,1541.3564356435643,2,0.2,0.3,32,0,False,0.0,0.0,0.0,0.0,0.0,0.0
E3_088plate1.tif,E3,3,9,1364.09900990099,1541.3564356435643,3,0.3,0.4,50,0,False,0.0,0.0,0.0,0.0,0.0,0.0
E3_088plate1.tif,E3,3,9,1364.09900990099,1541.3564356435643,4,0.4,0.5,74,4,True,0.05405405405405406,0.07547169811320754,9395.0,2348.75,0.08693922120225052,0.08693922120225052
E3_088plate1.tif,E3,3,9,1364.09900990099,1541.3564356435643,5,0.5,0.6,97,21,True,0.21649484536082475,0.39622641509433965,42543.0,2025.857142857143,0.393683372816109,0.4806225940183595
E3_088plate1.tif,E3,3,9,1364.09900990099,1541.3564356435643,6,0.6,0.7,127,17,True,0.13385826771653545,0.32075471698113206,35285.0,2075.5882352941176,0.32651946994373704,0.8071420639620965
E3_088plate1.tif,E3,3,9,1364.09900990099,1541.3564356435643,7,0.7,0.8,145,10,True,0.06896551724137931,0.18867924528301888,19155.0,1915.5,0.1772560704767545,0.984398134438851
E3_088plate1.tif,E3,3,9,1364.09900990099,1541.3564356435643,8,0.8,0.9,183,1,True,0.00546448087431694,0.018867924528301886,1686.0,1686.0,0.015601865561148948,1.0
E3_088plate1.tif,E3,3,9,1364.09900990099,1541.3564356435643,9,0.9,1.0,262,0,False,0.0,0.0,0.0,0.0,0.0,1.0
E3_088plate1.tif,E3,3,10,1484.9375,1343.732142857143,0,0.0,0.1,3,0,False,0.0,0.0,0.0,0.0,0.0,0.0
E3_088plate1.tif,E3,3,10,1484.9375,1343.732142857143,1,0.1,0.2,16,0,False,0.0,0.0,0.0,0.0,0.0,0.0
E3_088plate1.tif,E3,3,10,1484.9375,1343.732142857143,2,0.2,0.3,34,0,False,0.0,0.0,0.0,0.0,0.0,0.0
E3_088plate1.tif,E3,3,10,1484.9375,1343.732142857143,3,0.3,0.4,56,10,True,0.17857142857142858,0.054945054945054944,22376.0,2237.6,0.05644959875274037,0.05644959875274037
E3_088plate1.tif,E3,3,10,1484.9375,1343.732142857143,4,0.4,0.5,72,45,True,0.625,0.24725274725274726,98267.0,2183.711111111111,0.24790546659972906,0.3043550653524694
E3_088plate1.tif,E3,3,10,1484.9375,1343.732142857143,5,0.5,0.6,106,50,True,0.4716981132075472,0.27472527472527475,107238.0,2144.76,0.2705372752523405,0.5748923406048099
E3_088plate1.tif,E3,3,10,1484.9375,1343.732142857143,6,0.6,0.7,131,50,True,0.3816793893129771,0.27472527472527475,113621.0,2272.42,0.2866401438990487,0.8615324845038586
E3_088plate1.tif,E3,3,10,1484.9375,1343.732142857143,7,0.7,0.8,164,26,True,0.15853658536585366,0.14285714285714285,53221.0,2046.9615384615386,0.1342645734366998,0.9957970579405584
E3_088plate1.tif,E3,3,10,1484.9375,1343.732142857143,8,0.8,0.9,182,1,True,0.005494505494505495,0.005494505494505495,1666.0,1666.0,0.004202942059441609,1.0
E3_088plate1.tif,E3,3,10,1484.9375,1343.732142857143,9,0.9,1.0,270,0,False,0.0,0.0,0.0,0.0,0.0,1.0
E3_088plate1.tif,E3,3,11,1662.801204819277,1839.9096385542168,0,0.0,0.1,1,0,False,0.0,0.0,0.0,0.0,0.0,0.0
E3_088plate1.tif,E3,3,11,1662.801204819277,1839.9096385542168,1,0.1,0.2,9,0,False,0.0,0.0,0.0,0.0,0.0,0.0
E3_088plate1.tif,E3,3,11,1662.801204819277,1839.9096385542168,2,0.2,0.3,31,0,False,0.0,0.0,0.0,0.0,0.0,0.0
E3_088plate1.tif,E3,3,11,1662.801204819277,1839.9096385542168,3,0.3,0.4,60,0,False,0.0,0.0,0.0,0.0,0.0,0.0
E3_088plate1.tif,E3,3,11,1662.801204819277,1839.9096385542168,4,0.4,0.5,79,0,False,0.0,0.0,0.0,0.0,0.0,0.0
E3_088plate1.tif,E3,3,11,1662.801204819277,1839.9096385542168,5,0.5,0.6,97,0,False,0.0,0.0,0.0,0.0,0.0,0.0
E3_088plate1.tif,E3,3,11,1662.801204819277,1839.9096385542168,6,0.6,0.7,121,0,False,0.0,0.0,0.0,0.0,0.0,0.0
E3_088plate1.tif,E3,3,11,1662.801204819277,1839.9096385542168,7,0.7,0.8,154,0,False,0.0,0.0,0.0,0.0,0.0,0.0
E3_088plate1.tif,E3,3,11,1662.801204819277,1839.9096385542168,8,0.8,0.9,182,0,False,0.0,0.0,0.0,0.0,0.0,0.0
E3_088plate1.tif,E3,3,11,1662.801204819277,1839.9096385542168,9,0.9,1.0,271,0,False,0.0,0.0,0.0,0.0,0.0,0.0
E3_088plate1.tif,E3,3,12,1704.9722222222222,1818.0,0,0.0,0.1,1,1,True,1.0,0.0023094688221709007,1824.0,1824.0,0.0019342380279255616,0.0019342380279255616
E3_088plate1.tif,E3,3,12,1704.9722222222222,1818.0,1,0.1,0.2,5,4,True,0.8,0.009237875288683603,7647.0,1911.75,0.00810916567957608,0.01004340370750164
E3_088plate1.tif,E3,3,12,1704.9722222222222,1818.0,2,0.2,0.3,12,5,True,0.4166666666666667,0.011547344110854504,9465.0,1893.0,0.01003704108240978,0.02008044478991142
E3_088plate1.tif,E3,3,12,1704.9722222222222,1818.0,3,0.3,0.4,52,20,True,0.38461538461538464,0.046189376443418015,40239.0,2011.95,0.04267094517856177,0.0627513899684732
E3_088plate1.tif,E3,3,12,1704.9722222222222,1818.0,4,0.4,0.5,113,31,True,0.2743362831858407,0.07159353348729793,60334.0,1946.258064516129,0.06398043704871756,0.12673182701719077
E3_088plate1.tif,E3,3,12,1704.9722222222222,1818.0,5,0.5,0.6,130,62,True,0.47692307692307695,0.14318706697459585,134970.0,2176.935483870968,0.1431272514413997,0.2698590784585905
E3_088plate1.tif,E3,3,12,1704.9722222222222,1818.0,6,0.6,0.7,168,63,True,0.375,0.14549653579676675,142992.0,2269.714285714286,0.15163408118921703,0.42149315964780754
E3_088plate1.tif,E3,3,12,1704.9722222222222,1818.0,7,0.7,0.8,202,86,True,0.42574257425742573,0.19861431870669746,182462.0,2121.6511627906975,0.19348954991850537,0.614982709566313
E3_088plate1.tif,E3,3,12,1704.9722222222222,1818.0,8,0.8,0.9,242,85,True,0.3512396694214876,0.19630484988452657,170586.0,2006.894117647059,0.180895793986683,0.7958785035529959
E3_088plate1.tif,E3,3,12,1704.9722222222222,1818.0,9,0.9,1.0,339,76,True,0.22418879056047197,0.17551963048498845,192488.0,2532.7368421052633,0.2041214964470041,1.0
E3_088plate1.tif,E3,3,13,1818.0946196660482,1477.721706864564,0,0.0,0.1,2,0,False,0.0,0.0,0.0,0.0,0.0,0.0
E3_088plate1.tif,E3,3,13,1818.0946196660482,1477.721706864564,1,0.1,0.2,14,0,False,0.0,0.0,0.0,0.0,0.0,0.0
E3_088plate1.tif,E3,3,13,1818.0946196660482,1477.721706864564,2,0.2,0.3,34,0,False,0.0,0.0,0.0,0.0,0.0,0.0
E3_088plate1.tif,E3,3,13,1818.0946196660482,1477.721706864564,3,0.3,0.4,70,0,False,0.0,0.0,0.0,0.0,0.0,0.0
E3_088plate1.tif,E3,3,13,1818.0946196660482,1477.721706864564,4,0.4,0.5,112,0,False,0.0,0.0,0.0,0.0,0.0,0.0
E3_088plate1.tif,E3,3,13,1818.0946196660482,1477.721706864564,5,0.5,0.6,183,0,False,0.0,0.0,0.0,0.0,0.0,0.0
E3_088plate1.tif,E3,3,13,1818.0946196660482,1477.721706864564,6,0.6,0.7,267,0,False,0.0,0.0,0.0,0.0,0.0,0.0
E3_088plate1.tif,E3,3,13,1818.0946196660482,1477.721706864564,7,0.7,0.8,357,17,True,0.047619047619047616,0.14782608695652175,51558.0,3032.823529411765,0.1593381462160358,0.1593381462160358
E3_088plate1.tif,E3,3,13,1818.0946196660482,1477.721706864564,8,0.8,0.9,444,66,True,0.14864864864864866,0.5739130434782609,194169.0,2941.9545454545455,0.6000723168590996,0.7594104630751354
E3_088plate1.tif,E3,3,13,1818.0946196660482,1477.721706864564,9,0.9,1.0,628,32,True,0.050955414012738856,0.2782608695652174,77849.0,2432.78125,0.24058953692486465,1.0
E3_088plate1.tif,E3,3,14,1843.4242424242425,1438.878787878788,0,0.0,0.1,1,0,False,0.0,0.0,0.0,0.0,0.0,0.0
E3_088plate1.tif,E3,3,14,1843.4242424242425,1438.878787878788,1,0.1,0.2,3,0,False,0.0,0.0,0.0,0.0,0.0,0.0
E3_088plate1.tif,E3,3,14,1843.4242424242425,1438.878787878788,2,0.2,0.3,6,0,False,0.0,0.0,0.0,0.0,0.0,0.0
E3_088plate1.tif,E3,3,14,1843.4242424242425,1438.878787878788,3,0.3,0.4,11,0,False,0.0,0.0,0.0,0.0,0.0,0.0
E3_088plate1.tif,E3,3,14,1843.4242424242425,1438.878787878788,4,0.4,0.5,15,0,False,0.0,0.0,0.0,0.0,0.0,0.0
E3_088plate1.tif,E3,3,14,1843.4242424242425,1438.878787878788,5,0.5,0.6,24,0,False,0.0,0.0,0.0,0.0,0.0,0.0
E3_088plate1.tif,E3,3,14,1843.4242424242425,1438.878787878788,6,0.6,0.7,80,6,True,0.075,0.046153846153846156,16177.0,2696.1666666666665,0.041637067465587714,0.041637067465587714
E3_088plate1.tif,E3,3,14,1843.4242424242425,1438.878787878788,7,0.7,0.8,346,94,True,0.27167630057803466,0.7230769230769231,316156.0,3363.3617021276596,0.8137360883754929,0.8553731558410806
E3_088plate1.tif,E3,3,14,1843.4242424242425,1438.878787878788,8,0.8,0.9,451,28,True,0.06208425720620843,0.2153846153846154,52682.0,1881.5,0.13559522706447993,0.9909683829055606
E3_088plate1.tif,E3,3,14,1843.4242424242425,1438.878787878788,9,0.9,1.0,1189,2,True,0.001682085786375105,0.015384615384615385,3509.0,1754.5,0.009031617094439469,1.0
E3_088plate1.tif,E3,3,15,1842.9017857142858,1808.455357142857,0,0.0,0.1,3,0,False,0.0,0.0,0.0,0.0,0.0,0.0
E3_088plate1.tif,E3,3,15,1842.9017857142858,1808.455357142857,1,0.1,0.2,18,0,False,0.0,0.0,0.0,0.0,0.0,0.0
E3_088plate1.tif,E3,3,15,1842.9017857142858,1808.455357142857,2,0.2,0.3,37,0,False,0.0,0.0,0.0,0.0,0.0,0.0
E3_088plate1.tif,E3,3,15,1842.9017857142858,1808.455357142857,3,0.3,0.4,55,22,True,0.4,0.07432432432432433,80928.0,3678.5454545454545,0.08083584713426693,0.08083584713426693
E3_088plate1.tif,E3,3,15,1842.9017857142858,1808.455357142857,4,0.4,0.5,74,43,True,0.581081081081081,0.14527027027027026,157763.0,3668.906976744186,0.15758335497532813,0.23841920210959505
E3_088plate1.tif,E3,3,15,1842.9017857142858,1808.455357142857,5,0.5,0.6,102,60,True,0.5882352941176471,0.20270270270270271,235924.0,3932.0666666666666,0.23565535289769662,0.4740745550072917
E3_088plate1.tif,E3,3,15,1842.9017857142858,1808.455357142857,6,0.6,0.7,125,79,True,0.632,0.2668918918918919,290967.0,3683.1265822784812,0.29063567533012363,0.7647102303374154
E3_088plate1.tif,E3,3,15,1842.9017857142858,1808.455357142857,7,0.7,0.8,155,81,True,0.5225806451612903,0.27364864864864863,216407.0,2671.6913580246915,0.2161605769422858,0.9808708072797012
E3_088plate1.tif,E3,3,15,1842.9017857142858,1808.455357142857,8,0.8,0.9,190,11,True,0.05789473684210526,0.037162162162162164,19151.0,1741.0,0.01912919272029886,1.0
E3_088plate1.tif,E3,3,15,1842.9017857142858,1808.455357142857,9,0.9,1.0,259,0,False,0.0,0.0,0.0,0.0,0.0,1.0
E3_089plate1.tif,E3,4,0,1323.7761904761905,1261.5857142857142,0,0.0,0.1,5,0,False,0.0,0.0,0.0,0.0,0.0,0.0
E3_089plate1.tif,E3,4,0,1323.7761904761905,1261.5857142857142,1,0.1,0.2,18,0,False,0.0,0.0,0.0,0.0,0.0,0.0
E3_089plate1.tif,E3,4,0,1323.7761904761905,1261.5857142857142,2,0.2,0.3,38,0,False,0.0,0.0,0.0,0.0,0.0,0.0
E3_089plate1.tif,E3,4,0,1323.7761904761905,1261.5857142857142,3,0.3,0.4,56,2,True,0.03571428571428571,0.012658227848101266,3233.0,1616.5,0.009649248474863602,0.009649248474863602
E3_089plate1.tif,E3,4,0,1323.7761904761905,1261.5857142857142,4,0.4,0.5,78,14,True,0.1794871794871795,0.08860759493670886,25311.0,1807.9285714285713,0.07554349772572616,0.08519274620058977
E3_089plate1.tif,E3,4,0,1323.7761904761905,1261.5857142857142,5,0.5,0.6,102,28,True,0.27450980392156865,0.17721518987341772,58818.0,2100.6428571428573,0.1755488700261452,0.260741616226735
E3_089plate1.tif,E3,4,0,1323.7761904761905,1261.5857142857142,6,0.6,0.7,120,42,True,0.35,0.26582278481012656,95427.0,2272.0714285714284,0.2848125067153755,0.5455541229421105
E3_089plate1.tif,E3,4,0,1323.7761904761905,1261.5857142857142,7,0.7,0.8,146,52,True,0.3561643835616438,0.3291139240506329,109916.0,2113.769230769231,0.32805654047729904,0.8736106634194095
E3_089plate1.tif,E3,4,0,1323.7761904761905,1261.5857142857142,8,0.8,0.9,166,20,True,0.12048192771084337,0.12658227848101267,42347.0,2117.35,0.12638933658059048,1.0
E3_089plate1.tif,E3,4,0,1323.7761904761905,1261.5857142857142,9,0.9,1.0,247,0,False,0.0,0.0,0.0,0.0,0.0,1.0
E3_089plate1.tif,E3,4,1,1346.5240963855422,1282.2289156626507,0,0.0,0.1,4,0,False,0.0,0.0,0.0,0.0,0.0,0.0
E3_089plate1.tif,E3,4,1,1346.5240963855422,1282.2289156626507,1,0.1,0.2,12,0,False,0.0,0.0,0.0,0.0,0.0,0.0
E3_089plate1.tif,E3,4,1,1346.5240963855422,1282.2289156626507,2,0.2,0.3,32,0,False,0.0,0.0,0.0,0.0,0.0,0.0
E3_089plate1.tif,E3,4,1,1346.5240963855422,1282.2289156626507,3,0.3,0.4,73,0,False,0.0,0.0,0.0,0.0,0.0,0.0
E3_089plate1.tif,E3,4,1,1346.5240963855422,1282.2289156626507,4,0.4,0.5,118,0,False,0.0,0.0,0.0,0.0,0.0,0.0
E3_089plate1.tif,E3,4,1,1346.5240963855422,1282.2289156626507,5,0.5,0.6,155,0,False,0.0,0.0,0.0,0.0,0.0,0.0
E3_089plate1.tif,E3,4,1,1346.5240963855422,1282.2289156626507,6,0.6,0.7,217,0,False,0.0,0.0,0.0,0.0,0.0,0.0
E3_089plate1.tif,E3,4,1,1346.5240963855422,1282.2289156626507,7,0.7,0.8,252,0,False,0.0,0.0,0.0,0.0,0.0,0.0
E3_089plate1.tif,E3,4,1,1346.5240963855422,1282.2289156626507,8,0.8,0.9,294,0,False,0.0,0.0,0.0,0.0,0.0,0.0
E3_089plate1.tif,E3,4,1,1346.5240963855422,1282.2289156626507,9,0.9,1.0,405,0,False,0.0,0.0,0.0,0.0,0.0,0.0
E3_089plate1.tif,E3,4,2,1418.2314814814815,1290.712962962963,0,0.0,0.1,1,0,False,0.0,0.0,0.0,0.0,0.0,0.0
E3_089plate1.tif,E3,4,2,1418.2314814814815,1290.712962962963,1,0.1,0.2,5,0,False,0.0,0.0,0.0,0.0,0.0,0.0
E3_089plate1.tif,E3,4,2,1418.2314814814815,1290.712962962963,2,0.2,0.3,13,0,False,0.0,0.0,0.0,0.0,0.0,0.0
E3_089plate1.tif,E3,4,2,1418.2314814814815,1290.712962962963,3,0.3,0.4,41,3,True,0.07317073170731707,0.05454545454545454,5536.0,1845.3333333333333,0.03802302261051128,0.03802302261051128
E3_089plate1.tif,E3,4,2,1418.2314814814815,1290.712962962963,4,0.4,0.5,57,5,True,0.08771929824561403,0.09090909090909091,9673.0,1934.6,0.06643726476002088,0.10446028737053215
E3_089plate1.tif,E3,4,2,1418.2314814814815,1290.712962962963,5,0.5,0.6,87,22,True,0.25287356321839083,0.4,65853.0,2993.318181818182,0.4522995137229045,0.5567598010934367
E3_089plate1.tif,E3,4,2,1418.2314814814815,1290.712962962963,6,0.6,0.7,106,18,True,0.16981132075471697,0.32727272727272727,50374.0,2798.5555555555557,0.3459847798016429,0.9027445808950796
E3_089plate1.tif,E3,4,2,1418.2314814814815,1290.712962962963,7,0.7,0.8,139,7,True,0.050359712230215826,0.12727272727272726,14160.0,2022.857142857143,0.09725541910492047,1.0
E3_089plate1.tif,E3,4,2,1418.2314814814815,1290.712962962963,8,0.8,0.9,166,0,False,0.0,0.0,0.0,0.0,0.0,1.0
E3_089plate1.tif,E3,4,2,1418.2314814814815,1290.712962962963,9,0.9,1.0,239,0,False,0.0,0.0,0.0,0.0,0.0,1.0
E3_089plate1.tif,E3,4,3,1422.674740484429,1523.311418685121,0,0.0,0.1,1,0,False,0.0,0.0,0.0,0.0,0.0,0.0
E3_089plate1.tif,E3,4,3,1422.674740484429,1523.311418685121,1,0.1,0.2,3,0,False,0.0,0.0,0.0,0.0,0.0,0.0
E3_089plate1.tif,E3,4,3,1422.674740484429,1523.311418685121,2,0.2,0.3,11,0,False,0.0,0.0,0.0,0.0,0.0,0.0
E3_089plate1.tif,E3,4,3,1422.674740484429,1523.311418685121,3,0.3,0.4,38,0,False,0.0,0.0,0.0,0.0,0.0,0.0
E3_089plate1.tif,E3,4,3,1422.674740484429,1523.311418685121,4,0.4,0.5,44,0,False,0.0,0.0,0.0,0.0,0.0,0.0
E3_089plate1.tif,E3,4,3,1422.674740484429,1523.311418685121,5,0.5,0.6,70,0,False,0.0,0.0,0.0,0.0,0.0,0.0
E3_089plate1.tif,E3,4,3,1422.674740484429,1523.311418685121,6,0.6,0.7,79,0,False,0.0,0.0,0.0,0.0,0.0,0.0
E3_089plate1.tif,E3,4,3,1422.674740484429,1523.311418685121,7,0.7,0.8,101,0,False,0.0,0.0,0.0,0.0,0.0,0.0
E3_089plate1.tif,E3,4,3,1422.674740484429,1523.311418685121,8,0.8,0.9,130,0,False,0.0,0.0,0.0,0.0,0.0,0.0
E3_089plate1.tif,E3,4,3,1422.674740484429,1523.311418685121,9,0.9,1.0,196,0,False,0.0,0.0,0.0,0.0,0.0,0.0
E3_089plate1.tif,E3,4,4,1434.4973544973545,2218.6984126984125,0,0.0,0.1,4,0,False,0.0,0.0,0.0,0.0,0.0,0.0
E3_089plate1.tif,E3,4,4,1434.4973544973545,2218.6984126984125,1,0.1,0.2,19,0,False,0.0,0.0,0.0,0.0,0.0,0.0
E3_089plate1.tif,E3,4,4,1434.4973544973545,2218.6984126984125,2,0.2,0.3,33,0,False,0.0,0.0,0.0,0.0,0.0,0.0
E3_089plate1.tif,E3,4,4,1434.4973544973545,2218.6984126984125,3,0.3,0.4,46,0,False,0.0,0.0,0.0,0.0,0.0,0.0
E3_089plate1.tif,E3,4,4,1434.4973544973545,2218.6984126984125,4,0.4,0.5,59,15,True,0.2542372881355932,0.06726457399103139,55511.0,3700.733333333333,0.09140216061528633,0.09140216061528633
E3_089plate1.tif,E3,4,4,1434.4973544973545,2218.6984126984125,5,0.5,0.6,73,47,True,0.6438356164383562,0.21076233183856502,142644.0,3034.978723404255,0.23487182358103625,0.3262739841963226
E3_089plate1.tif,E3,4,4,1434.4973544973545,2218.6984126984125,6,0.6,0.7,94,66,True,0.7021276595744681,0.29596412556053814,180869.0,2740.439393939394,0.29781155785927516,0.6240855420555977
E3_089plate1.tif,E3,4,4,1434.4973544973545,2218.6984126984125,7,0.7,0.8,107,71,True,0.6635514018691588,0.3183856502242152,173350.0,2441.549295774648,0.28543107749202656,0.9095166195476243
E3_089plate1.tif,E3,4,4,1434.4973544973545,2218.6984126984125,8,0.8,0.9,124,23,True,0.18548387096774194,0.1031390134529148,53449.0,2323.8695652173915,0.08800695506703966,0.997523574614664
E3_089plate1.tif,E3,4,4,1434.4973544973545,2218.6984126984125,9,0.9,1.0,190,1,True,0.005263157894736842,0.004484304932735426,1504.0,1504.0,0.002476425385336071,1.0
E3_089plate1.tif,E3,4,5,1439.5772727272727,1521.459090909091,0,0.0,0.1,4,0,False,0.0,0.0,0.0,0.0,0.0,0.0
E3_089plate1.tif,E3,4,5,1439.5772727272727,1521.459090909091,1,0.1,0.2,9,0,False,0.0,0.0,0.0,0.0,0.0,0.0
E3_089plate1.tif,E3,4,5,1439.5772727272727,1521.459090909091,2,0.2,0.3,30,0,False,0.0,0.0,0.0,0.0,0.0,0.0
E3_089plate1.tif,E3,4,5,1439.5772727272727,1521.459090909091,3,0.3,0.4,59,0,False,0.0,0.0,0.0,0.0,0.0,0.0
E3_089plate1.tif,E3,4,5,1439.5772727272727,1521.459090909091,4,0.4,0.5,109,0,False,0.0,0.0,0.0,0.0,0.0,0.0
E3_089plate1.tif,E3,4,5,1439.5772727272727,1521.459090909091,5,0.5,0.6,147,0,False,0.0,0.0,0.0,0.0,0.0,0.0
E3_089plate1.tif,E3,4,5,1439.5772727272727,1521.459090909091,6,0.6,0.7,199,0,False,0.0,0.0,0.0,0.0,0.0,0.0
E3_089plate1.tif,E3,4,5,1439.5772727272727,1521.459090909091,7,0.7,0.8,223,0,False,0.0,0.0,0.0,0.0,0.0,0.0
E3_089plate1.tif,E3,4,5,1439.5772727272727,1521.459090909091,8,0.8,0.9,277,0,False,0.0,0.0,0.0,0.0,0.0,0.0
E3_089plate1.tif,E3,4,5,1439.5772727272727,1521.459090909091,9,0.9,1.0,375,0,False,0.0,0.0,0.0,0.0,0.0,0.0
E3_089plate1.tif,E3,4,6,1453.421875,1310.0052083333333,0,0.0,0.1,2,0,False,0.0,0.0,0.0,0.0,0.0,0.0
E3_089plate1.tif,E3,4,6,1453.421875,1310.0052083333333,1,0.1,0.2,8,0,False,0.0,0.0,0.0,0.0,0.0,0.0
E3_089plate1.tif,E3,4,6,1453.421875,1310.0052083333333,2,0.2,0.3,28,0,False,0.0,0.0,0.0,0.0,0.0,0.0
E3_089plate1.tif,E3,4,6,1453.421875,1310.0052083333333,3,0.3,0.4,50,4,True,0.08,0.023391812865497075,9889.0,2472.25,0.028270036163005104,0.028270036163005104
E3_089plate1.tif,E3,4,6,1453.421875,1310.0052083333333,4,0.4,0.5,69,26,True,0.37681159420289856,0.15204678362573099,58406.0,2246.3846153846152,0.16696731035862838,0.1952373465216335
E3_089plate1.tif,E3,4,6,1453.421875,1310.0052083333333,5,0.5,0.6,79,44,True,0.5569620253164557,0.2573099415204678,97022.0,2205.0454545454545,0.2773602435642715,0.472597590085905
E3_089plate1.tif,E3,4,6,1453.421875,1310.0052083333333,6,0.6,0.7,106,52,True,0.49056603773584906,0.30409356725146197,106422.0,2046.576923076923,0.3042323580280442,0.7768299481139492
E3_089plate1.tif,E3,4,6,1453.421875,1310.0052083333333,7,0.7,0.8,118,36,True,0.3050847457627119,0.21052631578947367,63665.0,1768.4722222222222,0.1820014007804348,0.958831348894384
E3_089plate1.tif,E3,4,6,1453.421875,1310.0052083333333,8,0.8,0.9,139,8,True,0.05755395683453238,0.04678362573099415,12851.0,1606.375,0.036737610954674746,0.9955689598490588
E3_089plate1.tif,E3,4,6,1453.421875,1310.0052083333333,9,0.9,1.0,200,1,True,0.005,0.005847953216374269,1550.0,1550.0,0.0044310401509412385,1.0
E3_089plate1.tif,E3,4,7,1501.4814814814815,1704.6296296296296,0,0.0,0.1,2,0,False,0.0,0.0,0.0,0.0,0.0,0.0
E3_089plate1.tif,E3,4,7,1501.4814814814815,1704.6296296296296,1,0.1,0.2,6,0,False,0.0,0.0,0.0,0.0,0.0,0.0
E3_089plate1.tif,E3,4,7,1501.4814814814815,1704.6296296296296,2,0.2,0.3,14,0,False,0.0,0.0,0.0,0.0,0.0,0.0
E3_089plate1.tif,E3,4,7,1501.4814814814815,1704.6296296296296,3,0.3,0.4,15,1,True,0.06666666666666667,0.5,2376.0,2376.0,0.5670644391408115,0.5670644391408115
E3_089plate1.tif,E3,4,7,1501.4814814814815,1704.6296296296296,4,0.4,0.5,27,1,True,0.037037037037037035,0.5,1814.0,1814.0,0.43293556085918855,1.0
E3_089plate1.tif,E3,4,7,1501.4814814814815,1704.6296296296296,5,0.5,0.6,33,0,False,0.0,0.0,0.0,0.0,0.0,1.0
E3_089plate1.tif,E3,4,7,1501.4814814814815,1704.6296296296296,6,0.6,0.7,42,0,False,0.0,0.0,0.0,0.0,0.0,1.0
E3_089plate1.tif,E3,4,7,1501.4814814814815,1704.6296296296296,7,0.7,0.8,46,0,False,0.0,0.0,0.0,0.0,0.0,1.0
E3_089plate1.tif,E3,4,7,1501.4814814814815,1704.6296296296296,8,0.8,0.9,65,0,False,0.0,0.0,0.0,0.0,0.0,1.0
E3_089plate1.tif,E3,4,7,1501.4814814814815,1704.6296296296296,9,0.9,1.0,90,0,False,0.0,0.0,0.0,0.0,0.0,1.0
E3_089plate1.tif,E3,4,8,1581.8411764705882,2084.294117647059,0,0.0,0.1,2,0,False,0.0,0.0,0.0,0.0,0.0,0.0
E3_089plate1.tif,E3,4,8,1581.8411764705882,2084.294117647059,1,0.1,0.2,10,0,False,0.0,0.0,0.0,0.0,0.0,0.0
E3_089plate1.tif,E3,4,8,1581.8411764705882,2084.294117647059,2,0.2,0.3,19,0,False,0.0,0.0,0.0,0.0,0.0,0.0
E3_089plate1.tif,E3,4,8,1581.8411764705882,2084.294117647059,3,0.3,0.4,42,11,True,0.2619047619047619,0.035830618892508145,19884.0,1807.6363636363637,0.031455455506128466,0.031455455506128466
E3_089plate1.tif,E3,4,8,1581.8411764705882,2084.294117647059,4,0.4,0.5,85,39,True,0.4588235294117647,0.1270358306188925,81161.0,2081.051282051282,0.12839248764498554,0.159847943151114
E3_089plate1.tif,E3,4,8,1581.8411764705882,2084.294117647059,5,0.5,0.6,112,60,True,0.5357142857142857,0.19543973941368079,142749.0,2379.15,0.22582150563489903,0.38566944878601306
E3_089plate1.tif,E3,4,8,1581.8411764705882,2084.294117647059,6,0.6,0.7,133,80,True,0.6015037593984962,0.26058631921824105,176212.0,2202.65,0.2787582340397259,0.6644276828257389
E3_089plate1.tif,E3,4,8,1581.8411764705882,2084.294117647059,7,0.7,0.8,167,88,True,0.5269461077844312,0.28664495114006516,163630.0,1859.4318181818182,0.2588541633709415,0.9232818461966805
E3_089plate1.tif,E3,4,8,1581.8411764705882,2084.294117647059,8,0.8,0.9,192,27,True,0.140625,0.08794788273615635,45434.0,1682.7407407407406,0.07187422880031386,0.9951560749969943
E3_089plate1.tif,E3,4,8,1581.8411764705882,2084.294117647059,9,0.9,1.0,271,2,True,0.007380073800738007,0.006514657980456026,3062.0,1531.0,0.004843925003005701,1.0
E3_115plate4.tif,E3,5,0,584.7971014492754,314.15942028985506,0,0.0,0.1,19,0,False,0.0,0.0,0.0,0.0,0.0,0.0
E3_115plate4.tif,E3,5,0,584.7971014492754,314.15942028985506,1,0.1,0.2,72,0,False,0.0,0.0,0.0,0.0,0.0,0.0
E3_115plate4.tif,E3,5,0,584.7971014492754,314.15942028985506,2,0.2,0.3,142,1,True,0.007042253521126761,0.125,1561.0,1561.0,0.11303403330919623,0.11303403330919623
E3_115plate4.tif,E3,5,0,584.7971014492754,314.15942028985506,3,0.3,0.4,221,7,True,0.03167420814479638,0.875,12249.0,1749.857142857143,0.8869659666908037,1.0
E3_115plate4.tif,E3,5,0,584.7971014492754,314.15942028985506,4,0.4,0.5,305,0,False,0.0,0.0,0.0,0.0,0.0,1.0
E3_115plate4.tif,E3,5,0,584.7971014492754,314.15942028985506,5,0.5,0.6,389,0,False,0.0,0.0,0.0,0.0,0.0,1.0
E3_115plate4.tif,E3,5,0,584.7971014492754,314.15942028985506,6,0.6,0.7,484,0,False,0.0,0.0,0.0,0.0,0.0,1.0
E3_115plate4.tif,E3,5,0,584.7971014492754,314.15942028985506,7,0.7,0.8,600,0,False,0.0,0.0,0.0,0.0,0.0,1.0
E3_115plate4.tif,E3,5,0,584.7971014492754,314.15942028985506,8,0.8,0.9,762,0,False,0.0,0.0,0.0,0.0,0.0,1.0
E3_115plate4.tif,E3,5,0,584.7971014492754,314.15942028985506,9,0.9,1.0,1065,0,False,0.0,0.0,0.0,0.0,0.0,1.0
E3_115plate4.tif,E3,5,1,839.7849462365591,1067.0645161290322,0,0.0,0.1,21,0,False,0.0,0.0,0.0,0.0,0.0,0.0
E3_115plate4.tif,E3,5,1,839.7849462365591,1067.0645161290322,1,0.1,0.2,94,0,False,0.0,0.0,0.0,0.0,0.0,0.0
E3_115plate4.tif,E3,5,1,839.7849462365591,1067.0645161290322,2,0.2,0.3,216,113,True,0.5231481481481481,0.397887323943662,369760.0,3272.212389380531,0.4061560497765241,0.4061560497765241
E3_115plate4.tif,E3,5,1,839.7849462365591,1067.0645161290322,3,0.3,0.4,327,125,True,0.382262996941896,0.44014084507042256,416306.0,3330.448,0.45728364468375604,0.8634396944602801
E3_115plate4.tif,E3,5,1,839.7849462365591,1067.0645161290322,4,0.4,0.5,433,46,True,0.10623556581986143,0.1619718309859155,124323.0,2702.6739130434785,0.13656030553971985,1.0
E3_115plate4.tif,E3,5,1,839.7849462365591,1067.0645161290322,5,0.5,0.6,564,0,False,0.0,0.0,0.0,0.0,0.0,1.0
E3_115plate4.tif,E3,5,1,839.7849462365591,1067.0645161290322,6,0.6,0.7,684,0,False,0.0,0.0,0.0,0.0,0.0,1.0
E3_115plate4.tif,E3,5,1,839.7849462365591,1067.0645161290322,7,0.7,0.8,819,0,False,0.0,0.0,0.0,0.0,0.0,1.0
E3_115plate4.tif,E3,5,1,839.7849462365591,1067.0645161290322,8,0.8,0.9,952,0,False,0.0,0.0,0.0,0.0,0.0,1.0
E3_115plate4.tif,E3,5,1,839.7849462365591,1067.0645161290322,9,0.9,1.0,1236,0,False,0.0,0.0,0.0,0.0,0.0,1.0
E3_115plate4.tif,E3,5,2,917.066037735849,1299.314465408805,0,0.0,0.1,26,0,False,0.0,0.0,0.0,0.0,0.0,0.0
E3_115plate4.tif,E3,5,2,917.066037735849,1299.314465408805,1,0.1,0.2,106,0,False,0.0,0.0,0.0,0.0,0.0,0.0
E3_115plate4.tif,E3,5,2,917.066037735849,1299.314465408805,2,0.2,0.3,207,0,False,0.0,0.0,0.0,0.0,0.0,0.0
E3_115plate4.tif,E3,5,2,917.066037735849,1299.314465408805,3,0.3,0.4,361,0,False,0.0,0.0,0.0,0.0,0.0,0.0
E3_115plate4.tif,E3,5,2,917.066037735849,1299.314465408805,4,0.4,0.5,592,0,False,0.0,0.0,0.0,0.0,0.0,0.0
E3_115plate4.tif,E3,5,2,917.066037735849,1299.314465408805,5,0.5,0.6,841,2,True,0.0023781212841854932,1.0,3296.0,1648.0,1.0,1.0
E3_115plate4.tif,E3,5,2,917.066037735849,1299.314465408805,6,0.6,0.7,1154,0,False,0.0,0.0,0.0,0.0,0.0,1.0
E3_115plate4.tif,E3,5,2,917.066037735849,1299.314465408805,7,0.7,0.8,1559,0,False,0.0,0.0,0.0,0.0,0.0,1.0
E3_115plate4.tif,E3,5,2,917.066037735849,1299.314465408805,8,0.8,0.9,1930,0,False,0.0,0.0,0.0,0.0,0.0,1.0
E3_115plate4.tif,E3,5,2,917.066037735849,1299.314465408805,9,0.9,1.0,2435,0,False,0.0,0.0,0.0,0.0,0.0,1.0
E3_115plate4.tif,E3,5,3,1227.3776041666667,941.6901041666666,0,0.0,0.1,20,0,False,0.0,0.0,0.0,0.0,0.0,0.0
E3_115plate4.tif,E3,5,3,1227.3776041666667,941.6901041666666,1,0.1,0.2,82,0,False,0.0,0.0,0.0,0.0,0.0,0.0
E3_115plate4.tif,E3,5,3,1227.3776041666667,941.6901041666666,2,0.2,0.3,226,20,True,0.08849557522123894,0.06042296072507553,37139.0,1856.95,0.046832657642037034,0.046832657642037034
E3_115plate4.tif,E3,5,3,1227.3776041666667,941.6901041666666,3,0.3,0.4,571,187,True,0.3274956217162872,0.5649546827794562,428398.0,2290.898395721925,0.5402142456321759,0.5870469032742129
E3_115plate4.tif,E3,5,3,1227.3776041666667,941.6901041666666,4,0.4,0.5,774,105,True,0.13565891472868216,0.31722054380664655,286930.0,2732.6666666666665,0.3618216553280833,0.9488685586022962
E3_115plate4.tif,E3,5,3,1227.3776041666667,941.6901041666666,5,0.5,0.6,970,19,True,0.01958762886597938,0.05740181268882175,40548.0,2134.1052631578946,0.0511314413977037,1.0
E3_115plate4.tif,E3,5,3,1227.3776041666667,941.6901041666666,6,0.6,0.7,1199,0,False,0.0,0.0,0.0,0.0,0.0,1.0
E3_115plate4.tif,E3,5,3,1227.3776041666667,941.6901041666666,7,0.7,0.8,1476,0,False,0.0,0.0,0.0,0.0,0.0,1.0
E3_115plate4.tif,E3,5,3,1227.3776041666667,941.6901041666666,8,0.8,0.9,1754,0,False,0.0,0.0,0.0,0.0,0.0,1.0
E3_115plate4.tif,E3,5,3,1227.3776041666667,941.6901041666666,9,0.9,1.0,2279,0,False,0.0,0.0,0.0,0.0,0.0,1.0
E3_115plate4.tif,E3,5,4,1227.9186602870814,1030.7703349282297,0,0.0,0.1,9,0,False,0.0,0.0,0.0,0.0,0.0,0.0
E3_115plate4.tif,E3,5,4,1227.9186602870814,1030.7703349282297,1,0.1,0.2,49,0,False,0.0,0.0,0.0,0.0,0.0,0.0
E3_115plate4.tif,E3,5,4,1227.9186602870814,1030.7703349282297,2,0.2,0.3,123,16,True,0.13008130081300814,0.42105263157894735,34945.0,2184.0625,0.42535451281114967,0.42535451281114967
E3_115plate4.tif,E3,5,4,1227.9186602870814,1030.7703349282297,3,0.3,0.4,209,19,True,0.09090909090909091,0.5,41538.0,2186.2105263157896,0.505605258353113,0.9309597711642627
E3_115plate4.tif,E3,5,4,1227.9186602870814,1030.7703349282297,4,0.4,0.5,297,3,True,0.010101010101010102,0.07894736842105263,5672.0,1890.6666666666667,0.06904022883573732,1.0
E3_115plate4.tif,E3,5,4,1227.9186602870814,1030.7703349282297,5,0.5,0.6,379,0,False,0.0,0.0,0.0,0.0,0.0,1.0
E3_115plate4.tif,E3,5,4,1227.9186602870814,1030.7703349282297,6,0.6,0.7,466,0,False,0.0,0.0,0.0,0.0,0.0,1.0
E3_115plate4.tif,E3,5,4,1227.9186602870814,1030.7703349282297,7,0.7,0.8,560,0,False,0.0,0.0,0.0,0.0,0.0,1.0
E3_115plate4.tif,E3,5,4,1227.9186602870814,1030.7703349282297,8,0.8,0.9,661,0,False,0.0,0.0,0.0,0.0,0.0,1.0
E3_115plate4.tif,E3,5,4,1227.9186602870814,1030.7703349282297,9,0.9,1.0,865,0,False,0.0,0.0,0.0,0.0,0.0,1.0
E3_115plate4.tif,E3,5,5,1228.7467532467533,899.0227272727273,0,0.0,0.1,9,0,False,0.0,0.0,0.0,0.0,0.0,0.0
E3_115plate4.tif,E3,5,5,1228.7467532467533,899.0227272727273,1,0.1,0.2,42,0,False,0.0,0.0,0.0,0.0,0.0,0.0
E3_115plate4.tif,E3,5,5,1228.7467532467533,899.0227272727273,2,0.2,0.3,92,13,True,0.14130434782608695,0.0625,31662.0,2435.5384615384614,0.058024186823880414,0.058024186823880414
E3_115plate4.tif,E3,5,5,1228.7467532467533,899.0227272727273,3,0.3,0.4,178,81,True,0.4550561797752809,0.3894230769230769,251607.0,3106.259259259259,0.46109821155315767,0.5191223983770381
E3_115plate4.tif,E3,5,5,1228.7467532467533,899.0227272727273,4,0.4,0.5,281,82,True,0.2918149466192171,0.3942307692307692,192010.0,2341.5853658536585,0.35187998585222907,0.8710023842292671
E3_115plate4.tif,E3,5,5,1228.7467532467533,899.0227272727273,5,0.5,0.6,368,15,True,0.04076086956521739,0.07211538461538461,31155.0,2077.0,0.057095052128671414,0.9280974363579385
E3_115plate4.tif,E3,5,5,1228.7467532467533,899.0227272727273,6,0.6,0.7,462,9,True,0.01948051948051948,0.04326923076923077,21597.0,2399.6666666666665,0.039578938880530136,0.9676763752384686
E3_115plate4.tif,E3,5,5,1228.7467532467533,899.0227272727273,7,0.7,0.8,555,8,True,0.014414414414414415,0.038461538461538464,17638.0,2204.75,0.03232362476153126,0.9999999999999999
E3_115plate4.tif,E3,5,5,1228.7467532467533,899.0227272727273,8,0.8,0.9,657,0,False,0.0,0.0,0.0,0.0,0.0,0.9999999999999999
E3_115plate4.tif,E3,5,5,1228.7467532467533,899.0227272727273,9,0.9,1.0,864,0,False,0.0,0.0,0.0,0.0,0.0,0.9999999999999999
E3_115plate4.tif,E3,5,6,1542.6923076923076,267.3241758241758,0,0.0,0.1,22,0,False,0.0,0.0,0.0,0.0,0.0,0.0
E3_115plate4.tif,E3,5,6,1542.6923076923076,267.3241758241758,1,0.1,0.2,94,0,False,0.0,0.0,0.0,0.0,0.0,0.0
E3_115plate4.tif,E3,5,6,1542.6923076923076,267.3241758241758,2,0.2,0.3,184,11,True,0.059782608695652176,0.0873015873015873,34458.0,3132.5454545454545,0.08553025131864722,0.08553025131864722
E3_115plate4.tif,E3,5,6,1542.6923076923076,267.3241758241758,3,0.3,0.4,282,73,True,0.25886524822695034,0.5793650793650794,240840.0,3299.178082191781,0.5978032888613093,0.6833335401799565
E3_115plate4.tif,E3,5,6,1542.6923076923076,267.3241758241758,4,0.4,0.5,379,42,True,0.11081794195250659,0.3333333333333333,127577.0,3037.5476190476193,0.31666645982004343,1.0
E3_115plate4.tif,E3,5,6,1542.6923076923076,267.3241758241758,5,0.5,0.6,506,0,False,0.0,0.0,0.0,0.0,0.0,1.0
E3_115plate4.tif,E3,5,6,1542.6923076923076,267.3241758241758,6,0.6,0.7,611,0,False,0.0,0.0,0.0,0.0,0.0,1.0
E3_115plate4.tif,E3,5,6,1542.6923076923076,267.3241758241758,7,0.7,0.8,751,0,False,0.0,0.0,0.0,0.0,0.0,1.0
E3_115plate4.tif,E3,5,6,1542.6923076923076,267.3241758241758,8,0.8,0.9,886,0,False,0.0,0.0,0.0,0.0,0.0,1.0
E3_115plate4.tif,E3,5,6,1542.6923076923076,267.3241758241758,9,0.9,1.0,1154,0,False,0.0,0.0,0.0,0.0,0.0,1.0
E3_116plate4.tif,E3,6,0,68.31598513011153,1087.810408921933,0,0.0,0.1,14,0,False,0.0,0.0,0.0,0.0,0.0,0.0
E3_116plate4.tif,E3,6,0,68.31598513011153,1087.810408921933,1,0.1,0.2,68,0,False,0.0,0.0,0.0,0.0,0.0,0.0
E3_116plate4.tif,E3,6,0,68.31598513011153,1087.810408921933,2,0.2,0.3,169,29,True,0.17159763313609466,0.11885245901639344,88742.0,3060.0689655172414,0.1651677697456094,0.1651677697456094
E3_116plate4.tif,E3,6,0,68.31598513011153,1087.810408921933,3,0.3,0.4,303,70,True,0.23102310231023102,0.28688524590163933,171604.0,2451.4857142857145,0.3193916066735656,0.484559376419175
E3_116plate4.tif,E3,6,0,68.31598513011153,1087.810408921933,4,0.4,0.5,478,61,True,0.12761506276150628,0.25,121500.0,1991.8032786885246,0.22613738730354896,0.710696763722724
E3_116plate4.tif,E3,6,0,68.31598513011153,1087.810408921933,5,0.5,0.6,646,65,True,0.10061919504643962,0.26639344262295084,122399.0,1883.0615384615385,0.2278106178482888,0.9385073815710128
E3_116plate4.tif,E3,6,0,68.31598513011153,1087.810408921933,6,0.6,0.7,833,19,True,0.022809123649459785,0.0778688524590164,33039.0,1738.8947368421052,0.061492618428987275,1.0
E3_116plate4.tif,E3,6,0,68.31598513011153,1087.810408921933,7,0.7,0.8,1037,0,False,0.0,0.0,0.0,0.0,0.0,1.0
E3_116plate4.tif,E3,6,0,68.31598513011153,1087.810408921933,8,0.8,0.9,1365,0,False,0.0,0.0,0.0,0.0,0.0,1.0
E3_116plate4.tif,E3,6,0,68.31598513011153,1087.810408921933,9,0.9,1.0,1871,0,False,0.0,0.0,0.0,0.0,0.0,1.0
E3_116plate4.tif,E3,6,1,757.6199095022624,1628.0565610859728,0,0.0,0.1,12,0,False,0.0,0.0,0.0,0.0,0.0,0.0
E3_116plate4.tif,E3,6,1,757.6199095022624,1628.0565610859728,1,0.1,0.2,54,0,False,0.0,0.0,0.0,0.0,0.0,0.0
E3_116plate4.tif,E3,6,1,757.6199095022624,1628.0565610859728,2,0.2,0.3,151,13,True,0.08609271523178808,0.03233830845771144,25796.0,1984.3076923076924,0.0316738803450287,0.0316738803450287
E3_116plate4.tif,E3,6,1,757.6199095022624,1628.0565610859728,3,0.3,0.4,272,75,True,0.2757352941176471,0.1865671641791045,134123.0,1788.3066666666666,0.16468428645977223,0.19635816680480095
E3_116plate4.tif,E3,6,1,757.6199095022624,1628.0565610859728,4,0.4,0.5,383,104,True,0.27154046997389036,0.25870646766169153,212491.0,2043.1826923076924,0.26090923043865305,0.457267397243454
E3_116plate4.tif,E3,6,1,757.6199095022624,1628.0565610859728,5,0.5,0.6,492,123,True,0.25,0.30597014925373134,272154.0,2212.6341463414633,0.3341670503729625,0.7914344476164166
E3_116plate4.tif,E3,6,1,757.6199095022624,1628.0565610859728,6,0.6,0.7,645,74,True,0.11472868217054263,0.18407960199004975,147818.0,1997.5405405405406,0.18149983116922982,0.9729342787856464
E3_116plate4.tif,E3,6,1,757.6199095022624,1628.0565610859728,7,0.7,0.8,821,13,True,0.015834348355663823,0.03233830845771144,22043.0,1695.6153846153845,0.027065721214353685,1.0
E3_116plate4.tif,E3,6,1,757.6199095022624,1628.0565610859728,8,0.8,0.9,1006,0,False,0.0,0.0,0.0,0.0,0.0,1.0
E3_116plate4.tif,E3,6,1,757.6199095022624,1628.0565610859728,9,0.9,1.0,1369,0,False,0.0,0.0,0.0,0.0,0.0,1.0
E3_116plate4.tif,E3,6,2,1162.462783171521,1433.3333333333333,0,0.0,0.1,32,0,False,0.0,0.0,0.0,0.0,0.0,0.0
E3_116plate4.tif,E3,6,2,1162.462783171521,1433.3333333333333,1,0.1,0.2,108,0,False,0.0,0.0,0.0,0.0,0.0,0.0
E3_116plate4.tif,E3,6,2,1162.462783171521,1433.3333333333333,2,0.2,0.3,195,0,False,0.0,0.0,0.0,0.0,0.0,0.0
E3_116plate4.tif,E3,6,2,1162.462783171521,1433.3333333333333,3,0.3,0.4,291,13,True,0.044673539518900345,0.14285714285714285,22285.0,1714.2307692307693,0.14442644199611146,0.14442644199611146
E3_116plate4.tif,E3,6,2,1162.462783171521,1433.3333333333333,4,0.4,0.5,408,32,True,0.0784313725490196,0.3516483516483517,56175.0,1755.46875,0.36406351263771874,0.5084899546338302
E3_116plate4.tif,E3,6,2,1162.462783171521,1433.3333333333333,5,0.5,0.6,530,18,True,0.033962264150943396,0.1978021978021978,29360.0,1631.111111111111,0.19027867790019443,0.6987686325340245
E3_116plate4.tif,E3,6,2,1162.462783171521,1433.3333333333333,6,0.6,0.7,690,14,True,0.020289855072463767,0.15384615384615385,23528.0,1680.5714285714287,0.15248217757615035,0.8512508101101749
E3_116plate4.tif,E3,6,2,1162.462783171521,1433.3333333333333,7,0.7,0.8,835,14,True,0.016766467065868262,0.15384615384615385,22952.0,1639.4285714285713,0.14874918988982502,0.9999999999999999
E3_116plate4.tif,E3,6,2,1162.462783171521,1433.3333333333333,8,0.8,0.9,1120,0,False,0.0,0.0,0.0,0.0,0.0,0.9999999999999999
E3_116plate4.tif,E3,6,2,1162.462783171521,1433.3333333333333,9,0.9,1.0,1549,0,False,0.0,0.0,0.0,0.0,0.0,0.9999999999999999
E3_116plate4.tif,E3,6,3,1194.4880952380952,1488.6904761904761,0,0.0,0.1,10,0,False,0.0,0.0,0.0,0.0,0.0,0.0
E3_116plate4.tif,E3,6,3,1194.4880952380952,1488.6904761904761,1,0.1,0.2,44,0,False,0.0,0.0,0.0,0.0,0.0,0.0
E3_116plate4.tif,E3,6,3,1194.4880952380952,1488.6904761904761,2,0.2,0.3,119,13,True,0.1092436974789916,0.04727272727272727,45868.0,3528.3076923076924,0.045721325986236155,0.045721325986236155
E3_116plate4.tif,E3,6,3,1194.4880952380952,1488.6904761904761,3,0.3,0.4,174,38,True,0.21839080459770116,0.13818181818181818,144707.0,3808.0789473684213,0.14424426439980542,0.18996559038604158
E3_116plate4.tif,E3,6,3,1194.4880952380952,1488.6904761904761,4,0.4,0.5,260,85,True,0.3269230769230769,0.3090909090909091,322121.0,3789.6588235294116,0.3210909402636343,0.5110565306496758
E3_116plate4.tif,E3,6,3,1194.4880952380952,1488.6904761904761,5,0.5,0.6,343,69,True,0.20116618075801748,0.2509090909090909,264294.0,3830.3478260869565,0.2634488560697283,0.774505386719404
E3_116plate4.tif,E3,6,3,1194.4880952380952,1488.6904761904761,6,0.6,0.7,439,57,True,0.12984054669703873,0.20727272727272728,187203.0,3284.2631578947367,0.18660437317086787,0.9611097598902719
E3_116plate4.tif,E3,6,3,1194.4880952380952,1488.6904761904761,7,0.7,0.8,587,13,True,0.022146507666098807,0.04727272727272727,39015.0,3001.153846153846,0.03889024010972799,0.9999999999999999
E3_116plate4.tif,E3,6,3,1194.4880952380952,1488.6904761904761,8,0.8,0.9,729,0,False,0.0,0.0,0.0,0.0,0.0,0.9999999999999999
E3_116plate4.tif,E3,6,3,1194.4880952380952,1488.6904761904761,9,0.9,1.0,1014,0,False,0.0,0.0,0.0,0.0,0.0,0.9999999999999999
E3_116plate4.tif,E3,6,4,1249.071129707113,1461.6820083682007,0,0.0,0.1,29,0,False,0.0,0.0,0.0,0.0,0.0,0.0
E3_116plate4.tif,E3,6,4,1249.071129707113,1461.6820083682007,1,0.1,0.2,129,0,False,0.0,0.0,0.0,0.0,0.0,0.0
E3_116plate4.tif,E3,6,4,1249.071129707113,1461.6820083682007,2,0.2,0.3,282,0,False,0.0,0.0,0.0,0.0,0.0,0.0
E3_116plate4.tif,E3,6,4,1249.071129707113,1461.6820083682007,3,0.3,0.4,470,0,False,0.0,0.0,0.0,0.0,0.0,0.0
E3_116plate4.tif,E3,6,4,1249.071129707113,1461.6820083682007,4,0.4,0.5,642,0,False,0.0,0.0,0.0,0.0,0.0,0.0
E3_116plate4.tif,E3,6,4,1249.071129707113,1461.6820083682007,5,0.5,0.6,825,0,False,0.0,0.0,0.0,0.0,0.0,0.0
E3_116plate4.tif,E3,6,4,1249.071129707113,1461.6820083682007,6,0.6,0.7,1059,0,False,0.0,0.0,0.0,0.0,0.0,0.0
E3_116plate4.tif,E3,6,4,1249.071129707113,1461.6820083682007,7,0.7,0.8,1354,0,False,0.0,0.0,0.0,0.0,0.0,0.0
E3_116plate4.tif,E3,6,4,1249.071129707113,1461.6820083682007,8,0.8,0.9,1918,0,False,0.0,0.0,0.0,0.0,0.0,0.0
E3_116plate4.tif,E3,6,4,1249.071129707113,1461.6820083682007,9,0.9,1.0,2691,2,True,0.0007432181345224824,1.0,3214.0,1607.0,1.0,1.0
E3_116plate4.tif,E3,6,5,1933.0333333333333,2174.0777777777776,0,0.0,0.1,21,0,False,0.0,0.0,0.0,0.0,0.0,0.0
E3_116plate4.tif,E3,6,5,1933.0333333333333,2174.0777777777776,1,0.1,0.2,66,0,False,0.0,0.0,0.0,0.0,0.0,0.0
E3_116plate4.tif,E3,6,5,1933.0333333333333,2174.0777777777776,2,0.2,0.3,121,19,True,0.15702479338842976,0.27941176470588236,70817.0,3727.2105263157896,0.3237318973083675,0.3237318973083675
E3_116plate4.tif,E3,6,5,1933.0333333333333,2174.0777777777776,3,0.3,0.4,185,38,True,0.20540540540540542,0.5588235294117647,124003.0,3263.2368421052633,0.5668656743709772,0.8905975716793447
E3_116plate4.tif,E3,6,5,1933.0333333333333,2174.0777777777776,4,0.4,0.5,244,11,True,0.045081967213114756,0.16176470588235295,23932.0,2175.6363636363635,0.10940242832065536,1.0
E3_116plate4.tif,E3,6,5,1933.0333333333333,2174.0777777777776,5,0.5,0.6,315,0,False,0.0,0.0,0.0,0.0,0.0,1.0
E3_116plate4.tif,E3,6,5,1933.0333333333333,2174.0777777777776,6,0.6,0.7,393,0,False,0.0,0.0,0.0,0.0,0.0,1.0
E3_116plate4.tif,E3,6,5,1933.0333333333333,2174.0777777777776,7,0.7,0.8,466,0,False,0.0,0.0,0.0,0.0,0.0,1.0
E3_116plate4.tif,E3,6,5,1933.0333333333333,2174.0777777777776,8,0.8,0.9,554,0,False,0.0,0.0,0.0,0.0,0.0,1.0
E3_116plate4.tif,E3,6,5,1933.0333333333333,2174.0777777777776,9,0.9,1.0,743,0,False,0.0,0.0,0.0,0.0,0.0,1.0
E3_117plate4.tif,E3,7,0,180.23456790123456,281.77366255144034,0,0.0,0.1,26,0,False,0.0,0.0,0.0,0.0,0.0,0.0
E3_117plate4.tif,E3,7,0,180.23456790123456,281.77366255144034,1,0.1,0.2,121,0,False,0.0,0.0,0.0,0.0,0.0,0.0
E3_117plate4.tif,E3,7,0,180.23456790123456,281.77366255144034,2,0.2,0.3,393,0,False,0.0,0.0,0.0,0.0,0.0,0.0
E3_117plate4.tif,E3,7,0,180.23456790123456,281.77366255144034,3,0.3,0.4,777,0,False,0.0,0.0,0.0,0.0,0.0,0.0
E3_117plate4.tif,E3,7,0,180.23456790123456,281.77366255144034,4,0.4,0.5,1160,0,False,0.0,0.0,0.0,0.0,0.0,0.0
E3_117plate4.tif,E3,7,0,180.23456790123456,281.77366255144034,5,0.5,0.6,1521,0,False,0.0,0.0,0.0,0.0,0.0,0.0
E3_117plate4.tif,E3,7,0,180.23456790123456,281.77366255144034,6,0.6,0.7,1963,0,False,0.0,0.0,0.0,0.0,0.0,0.0
E3_117plate4.tif,E3,7,0,180.23456790123456,281.77366255144034,7,0.7,0.8,2449,0,False,0.0,0.0,0.0,0.0,0.0,0.0
E3_117plate4.tif,E3,7,0,180.23456790123456,281.77366255144034,8,0.8,0.9,2967,0,False,0.0,0.0,0.0,0.0,0.0,0.0
E3_117plate4.tif,E3,7,0,180.23456790123456,281.77366255144034,9,0.9,1.0,3906,0,False,0.0,0.0,0.0,0.0,0.0,0.0
E3_117plate4.tif,E3,7,1,212.9375,442.99330357142856,0,0.0,0.1,24,0,False,0.0,0.0,0.0,0.0,0.0,0.0
E3_117plate4.tif,E3,7,1,212.9375,442.99330357142856,1,0.1,0.2,112,0,False,0.0,0.0,0.0,0.0,0.0,0.0
E3_117plate4.tif,E3,7,1,212.9375,442.99330357142856,2,0.2,0.3,368,0,False,0.0,0.0,0.0,0.0,0.0,0.0
E3_117plate4.tif,E3,7,1,212.9375,442.99330357142856,3,0.3,0.4,570,0,False,0.0,0.0,0.0,0.0,0.0,0.0
E3_117plate4.tif,E3,7,1,212.9375,442.99330357142856,4,0.4,0.5,768,0,False,0.0,0.0,0.0,0.0,0.0,0.0
E3_117plate4.tif,E3,7,1,212.9375,442.99330357142856,5,0.5,0.6,984,0,False,0.0,0.0,0.0,0.0,0.0,0.0
E3_117plate4.tif,E3,7,1,212.9375,442.99330357142856,6,0.6,0.7,1223,0,False,0.0,0.0,0.0,0.0,0.0,0.0
E3_117plate4.tif,E3,7,1,212.9375,442.99330357142856,7,0.7,0.8,1484,0,False,0.0,0.0,0.0,0.0,0.0,0.0
E3_117plate4.tif,E3,7,1,212.9375,442.99330357142856,8,0.8,0.9,1732,0,False,0.0,0.0,0.0,0.0,0.0,0.0
E3_117plate4.tif,E3,7,1,212.9375,442.99330357142856,9,0.9,1.0,2193,0,False,0.0,0.0,0.0,0.0,0.0,0.0
E3_117plate4.tif,E3,7,2,201.34013605442178,1594.2176870748299,0,0.0,0.1,9,0,False,0.0,0.0,0.0,0.0,0.0,0.0
E3_117plate4.tif,E3,7,2,201.34013605442178,1594.2176870748299,1,0.1,0.2,35,0,False,0.0,0.0,0.0,0.0,0.0,0.0
E3_117plate4.tif,E3,7,2,201.34013605442178,1594.2176870748299,2,0.2,0.3,68,0,False,0.0,0.0,0.0,0.0,0.0,0.0
E3_117plate4.tif,E3,7,2,201.34013605442178,1594.2176870748299,3,0.3,0.4,102,0,False,0.0,0.0,0.0,0.0,0.0,0.0
E3_117plate4.tif,E3,7,2,201.34013605442178,1594.2176870748299,4,0.4,0.5,167,0,False,0.0,0.0,0.0,0.0,0.0,0.0
E3_117plate4.tif,E3,7,2,201.34013605442178,1594.2176870748299,5,0.5,0.6,248,0,False,0.0,0.0,0.0,0.0,0.0,0.0
E3_117plate4.tif,E3,7,2,201.34013605442178,1594.2176870748299,6,0.6,0.7,336,0,False,0.0,0.0,0.0,0.0,0.0,0.0
E3_117plate4.tif,E3,7,2,201.34013605442178,1594.2176870748299,7,0.7,0.8,389,0,False,0.0,0.0,0.0,0.0,0.0,0.0
E3_117plate4.tif,E3,7,2,201.34013605442178,1594.2176870748299,8,0.8,0.9,485,0,False,0.0,0.0,0.0,0.0,0.0,0.0
E3_117plate4.tif,E3,7,2,201.34013605442178,1594.2176870748299,9,0.9,1.0,655,0,False,0.0,0.0,0.0,0.0,0.0,0.0
E3_117plate4.tif,E3,7,3,317.4074074074074,1089.9444444444443,0,0.0,0.1,6,0,False,0.0,0.0,0.0,0.0,0.0,0.0
E3_117plate4.tif,E3,7,3,317.4074074074074,1089.9444444444443,1,0.1,0.2,28,0,False,0.0,0.0,0.0,0.0,0.0,0.0
E3_117plate4.tif,E3,7,3,317.4074074074074,1089.9444444444443,2,0.2,0.3,86,0,False,0.0,0.0,0.0,0.0,0.0,0.0
E3_117plate4.tif,E3,7,3,317.4074074074074,1089.9444444444443,3,0.3,0.4,135,0,False,0.0,0.0,0.0,0.0,0.0,0.0
E3_117plate4.tif,E3,7,3,317.4074074074074,1089.9444444444443,4,0.4,0.5,191,0,False,0.0,0.0,0.0,0.0,0.0,0.0
E3_117plate4.tif,E3,7,3,317.4074074074074,1089.9444444444443,5,0.5,0.6,256,0,False,0.0,0.0,0.0,0.0,0.0,0.0
E3_117plate4.tif,E3,7,3,317.4074074074074,1089.9444444444443,6,0.6,0.7,322,0,False,0.0,0.0,0.0,0.0,0.0,0.0
E3_117plate4.tif,E3,7,3,317.4074074074074,1089.9444444444443,7,0.7,0.8,413,0,False,0.0,0.0,0.0,0.0,0.0,0.0
E3_117plate4.tif,E3,7,3,317.4074074074074,1089.9444444444443,8,0.8,0.9,513,0,False,0.0,0.0,0.0,0.0,0.0,0.0
E3_117plate4.tif,E3,7,3,317.4074074074074,1089.9444444444443,9,0.9,1.0,723,0,False,0.0,0.0,0.0,0.0,0.0,0.0
E3_117plate4.tif,E3,7,4,360.7912457912458,1032.959595959596,0,0.0,0.1,9,0,False,0.0,0.0,0.0,0.0,0.0,0.0
E3_117plate4.tif,E3,7,4,360.7912457912458,1032.959595959596,1,0.1,0.2,44,0,False,0.0,0.0,0.0,0.0,0.0,0.0
E3_117plate4.tif,E3,7,4,360.7912457912458,1032.959595959596,2,0.2,0.3,134,0,False,0.0,0.0,0.0,0.0,0.0,0.0
E3_117plate4.tif,E3,7,4,360.7912457912458,1032.959595959596,3,0.3,0.4,246,0,False,0.0,0.0,0.0,0.0,0.0,0.0
E3_117plate4.tif,E3,7,4,360.7912457912458,1032.959595959596,4,0.4,0.5,368,0,False,0.0,0.0,0.0,0.0,0.0,0.0
E3_117plate4.tif,E3,7,4,360.7912457912458,1032.959595959596,5,0.5,0.6,543,0,False,0.0,0.0,0.0,0.0,0.0,0.0
E3_117plate4.tif,E3,7,4,360.7912457912458,1032.959595959596,6,0.6,0.7,708,0,False,0.0,0.0,0.0,0.0,0.0,0.0
E3_117plate4.tif,E3,7,4,360.7912457912458,1032.959595959596,7,0.7,0.8,896,0,False,0.0,0.0,0.0,0.0,0.0,0.0
E3_117plate4.tif,E3,7,4,360.7912457912458,1032.959595959596,8,0.8,0.9,1100,0,False,0.0,0.0,0.0,0.0,0.0,0.0
E3_117plate4.tif,E3,7,4,360.7912457912458,1032.959595959596,9,0.9,1.0,1456,0,False,0.0,0.0,0.0,0.0,0.0,0.0
E3_117plate4.tif,E3,7,5,733.1489361702128,1927.2297872340425,0,0.0,0.1,8,0,False,0.0,0.0,0.0,0.0,0.0,0.0
E3_117plate4.tif,E3,7,5,733.1489361702128,1927.2297872340425,1,0.1,0.2,41,0,False,0.0,0.0,0.0,0.0,0.0,0.0
E3_117plate4.tif,E3,7,5,733.1489361702128,1927.2297872340425,2,0.2,0.3,96,0,False,0.0,0.0,0.0,0.0,0.0,0.0
E3_117plate4.tif,E3,7,5,733.1489361702128,1927.2297872340425,3,0.3,0.4,143,0,False,0.0,0.0,0.0,0.0,0.0,0.0
E3_117plate4.tif,E3,7,5,733.1489361702128,1927.2297872340425,4,0.4,0.5,210,0,False,0.0,0.0,0.0,0.0,0.0,0.0
E3_117plate4.tif,E3,7,5,733.1489361702128,1927.2297872340425,5,0.5,0.6,310,0,False,0.0,0.0,0.0,0.0,0.0,0.0
E3_117plate4.tif,E3,7,5,733.1489361702128,1927.2297872340425,6,0.6,0.7,428,0,False,0.0,0.0,0.0,0.0,0.0,0.0
E3_117plate4.tif,E3,7,5,733.1489361702128,1927.2297872340425,7,0.7,0.8,577,0,False,0.0,0.0,0.0,0.0,0.0,0.0
E3_117plate4.tif,E3,7,5,733.1489361702128,1927.2297872340425,8,0.8,0.9,1055,0,False,0.0,0.0,0.0,0.0,0.0,0.0
E3_117plate4.tif,E3,7,5,733.1489361702128,1927.2297872340425,9,0.9,1.0,1855,0,False,0.0,0.0,0.0,0.0,0.0,0.0
E3_117plate4.tif,E3,7,6,829.3106267029973,1876.6948228882834,0,0.0,0.1,14,0,False,0.0,0.0,0.0,0.0,0.0,0.0
E3_117plate4.tif,E3,7,6,829.3106267029973,1876.6948228882834,1,0.1,0.2,64,0,False,0.0,0.0,0.0,0.0,0.0,0.0
E3_117plate4.tif,E3,7,6,829.3106267029973,1876.6948228882834,2,0.2,0.3,173,4,True,0.023121387283236993,0.030534351145038167,7650.0,1912.5,0.029632900654247965,0.029632900654247965
E3_117plate4.tif,E3,7,6,829.3106267029973,1876.6948228882834,3,0.3,0.4,326,80,True,0.24539877300613497,0.6106870229007634,169096.0,2113.7,0.6550071854942109,0.6846400861484588
E3_117plate4.tif,E3,7,6,829.3106267029973,1876.6948228882834,4,0.4,0.5,477,23,True,0.04821802935010482,0.17557251908396945,39987.0,1738.5652173913043,0.1548929148315573,0.8395330009800162
E3_117plate4.tif,E3,7,6,829.3106267029973,1876.6948228882834,5,0.5,0.6,654,11,True,0.016819571865443424,0.08396946564885496,19803.0,1800.2727272727273,0.0767085400857611,0.9162415410657773
E3_117plate4.tif,E3,7,6,829.3106267029973,1876.6948228882834,6,0.6,0.7,859,0,False,0.0,0.0,0.0,0.0,0.0,0.9162415410657773
E3_117plate4.tif,E3,7,6,829.3106267029973,1876.6948228882834,7,0.7,0.8,1062,9,True,0.00847457627118644,0.06870229007633588,15214.0,1690.4444444444443,0.05893267327499719,0.9751742143407744
E3_117plate4.tif,E3,7,6,829.3106267029973,1876.6948228882834,8,0.8,0.9,1332,4,True,0.003003003003003003,0.030534351145038167,6409.0,1602.25,0.024825785659225517,1.0
E3_117plate4.tif,E3,7,6,829.3106267029973,1876.6948228882834,9,0.9,1.0,1778,0,False,0.0,0.0,0.0,0.0,0.0,1.0
E3_117plate4.tif,E3,7,7,808.4158415841584,1844.0,0,0.0,0.1,8,0,False,0.0,0.0,0.0,0.0,0.0,0.0
E3_117plate4.tif,E3,7,7,808.4158415841584,1844.0,1,0.1,0.2,35,0,False,0.0,0.0,0.0,0.0,0.0,0.0
E3_117plate4.tif,E3,7,7,808.4158415841584,1844.0,2,0.2,0.3,90,3,True,0.03333333333333333,0.013953488372093023,4662.0,1554.0,0.011225782216935471,0.011225782216935471
E3_117plate4.tif,E3,7,7,808.4158415841584,1844.0,3,0.3,0.4,123,14,True,0.11382113821138211,0.06511627906976744,29926.0,2137.5714285714284,0.07205979378464414,0.08328557600157961
E3_117plate4.tif,E3,7,7,808.4158415841584,1844.0,4,0.4,0.5,176,51,True,0.2897727272727273,0.2372093023255814,105981.0,2078.0588235294117,0.2551951147861515,0.3384806907877311
E3_117plate4.tif,E3,7,7,808.4158415841584,1844.0,5,0.5,0.6,223,49,True,0.21973094170403587,0.22790697674418606,89929.0,1835.2857142857142,0.21654297919064566,0.5550236699783767
E3_117plate4.tif,E3,7,7,808.4158415841584,1844.0,6,0.6,0.7,272,56,True,0.20588235294117646,0.26046511627906976,100163.0,1788.625,0.24118576237557007,0.7962094323539468
E3_117plate4.tif,E3,7,7,808.4158415841584,1844.0,7,0.7,0.8,322,26,True,0.08074534161490683,0.12093023255813953,52936.0,2036.0,0.1274663250612819,0.9236757574152287
E3_117plate4.tif,E3,7,7,808.4158415841584,1844.0,8,0.8,0.9,386,14,True,0.03626943005181347,0.06511627906976744,28560.0,2040.0,0.06877055772537045,0.9924463151405991
E3_117plate4.tif,E3,7,7,808.4158415841584,1844.0,9,0.9,1.0,559,2,True,0.0035778175313059034,0.009302325581395349,3137.0,1568.5,0.00755368485940081,0.9999999999999999
E3_117plate4.tif,E3,7,8,875.3050847457627,1485.9788135593221,0,0.0,0.1,7,0,False,0.0,0.0,0.0,0.0,0.0,0.0
E3_117plate4.tif,E3,7,8,875.3050847457627,1485.9788135593221,1,0.1,0.2,23,0,False,0.0,0.0,0.0,0.0,0.0,0.0
E3_117plate4.tif,E3,7,8,875.3050847457627,1485.9788135593221,2,0.2,0.3,49,0,False,0.0,0.0,0.0,0.0,0.0,0.0
E3_117plate4.tif,E3,7,8,875.3050847457627,1485.9788135593221,3,0.3,0.4,68,0,False,0.0,0.0,0.0,0.0,0.0,0.0
E3_117plate4.tif,E3,7,8,875.3050847457627,1485.9788135593221,4,0.4,0.5,107,0,False,0.0,0.0,0.0,0.0,0.0,0.0
E3_117plate4.tif,E3,7,8,875.3050847457627,1485.9788135593221,5,0.5,0.6,150,0,False,0.0,0.0,0.0,0.0,0.0,0.0
E3_117plate4.tif,E3,7,8,875.3050847457627,1485.9788135593221,6,0.6,0.7,228,0,False,0.0,0.0,0.0,0.0,0.0,0.0
E3_117plate4.tif,E3,7,8,875.3050847457627,1485.9788135593221,7,0.7,0.8,349,0,False,0.0,0.0,0.0,0.0,0.0,0.0
E3_117plate4.tif,E3,7,8,875.3050847457627,1485.9788135593221,8,0.8,0.9,456,0,False,0.0,0.0,0.0,0.0,0.0,0.0
E3_117plate4.tif,E3,7,8,875.3050847457627,1485.9788135593221,9,0.9,1.0,632,0,False,0.0,0.0,0.0,0.0,0.0,0.0
E3_117plate4.tif,E3,7,9,1084.8304668304668,822.576167076167,0,0.0,0.1,41,0,False,0.0,0.0,0.0,0.0,0.0,0.0
E3_117plate4.tif,E3,7,9,1084.8304668304668,822.576167076167,1,0.1,0.2,184,0,False,0.0,0.0,0.0,0.0,0.0,0.0
E3_117plate4.tif,E3,7,9,1084.8304668304668,822.576167076167,2,0.2,0.3,578,92,True,0.15916955017301038,0.18737270875763748,208003.0,2260.9021739130435,0.21883581028050558,0.21883581028050558
E3_117plate4.tif,E3,7,9,1084.8304668304668,822.576167076167,3,0.3,0.4,987,193,True,0.1955420466058764,0.39307535641547864,371875.0,1926.8134715025906,0.39124227510210435,0.61007808538261
E3_117plate4.tif,E3,7,9,1084.8304668304668,822.576167076167,4,0.4,0.5,1395,160,True,0.11469534050179211,0.3258655804480652,284552.0,1778.45,0.2993714873676746,0.9094495727502846
E3_117plate4.tif,E3,7,9,1084.8304668304668,822.576167076167,5,0.5,0.6,1930,41,True,0.021243523316062177,0.0835030549898167,77320.0,1885.8536585365853,0.08134683081921266,0.9907964035694973
E3_117plate4.tif,E3,7,9,1084.8304668304668,822.576167076167,6,0.6,0.7,2564,5,True,0.0019500780031201249,0.010183299389002037,8748.0,1749.6,0.009203596430502748,1.0
E3_117plate4.tif,E3,7,9,1084.8304668304668,822.576167076167,7,0.7,0.8,3118,0,False,0.0,0.0,0.0,0.0,0.0,1.0
E3_117plate4.tif,E3,7,9,1084.8304668304668,822.576167076167,8,0.8,0.9,3694,0,False,0.0,0.0,0.0,0.0,0.0,1.0
E3_117plate4.tif,E3,7,9,1084.8304668304668,822.576167076167,9,0.9,1.0,4641,0,False,0.0,0.0,0.0,0.0,0.0,1.0
E3_117plate4.tif,E3,7,10,1097.8534201954396,945.4657980456026,0,0.0,0.1,28,0,False,0.0,0.0,0.0,0.0,0.0,0.0
E3_117plate4.tif,E3,7,10,1097.8534201954396,945.4657980456026,1,0.1,0.2,105,0,False,0.0,0.0,0.0,0.0,0.0,0.0
E3_117plate4.tif,E3,7,10,1097.8534201954396,945.4657980456026,2,0.2,0.3,195,0,False,0.0,0.0,0.0,0.0,0.0,0.0
E3_117plate4.tif,E3,7,10,1097.8534201954396,945.4657980456026,3,0.3,0.4,303,0,False,0.0,0.0,0.0,0.0,0.0,0.0
E3_117plate4.tif,E3,7,10,1097.8534201954396,945.4657980456026,4,0.4,0.5,422,0,False,0.0,0.0,0.0,0.0,0.0,0.0
E3_117plate4.tif,E3,7,10,1097.8534201954396,945.4657980456026,5,0.5,0.6,591,0,False,0.0,0.0,0.0,0.0,0.0,0.0
E3_117plate4.tif,E3,7,10,1097.8534201954396,945.4657980456026,6,0.6,0.7,768,0,False,0.0,0.0,0.0,0.0,0.0,0.0
E3_117plate4.tif,E3,7,10,1097.8534201954396,945.4657980456026,7,0.7,0.8,986,0,False,0.0,0.0,0.0,0.0,0.0,0.0
E3_117plate4.tif,E3,7,10,1097.8534201954396,945.4657980456026,8,0.8,0.9,1246,0,False,0.0,0.0,0.0,0.0,0.0,0.0
E3_117plate4.tif,E3,7,10,1097.8534201954396,945.4657980456026,9,0.9,1.0,1796,0,False,0.0,0.0,0.0,0.0,0.0,0.0
E3_117plate4.tif,E3,7,11,1123.0648648648648,1236.4108108108107,0,0.0,0.1,56,0,False,0.0,0.0,0.0,0.0,0.0,0.0
E3_117plate4.tif,E3,7,11,1123.0648648648648,1236.4108108108107,1,0.1,0.2,220,13,True,0.05909090909090909,0.11403508771929824,42019.0,3232.230769230769,0.11948349598489502,0.11948349598489502
E3_117plate4.tif,E3,7,11,1123.0648648648648,1236.4108108108107,2,0.2,0.3,424,42,True,0.09905660377358491,0.3684210526315789,123022.0,2929.095238095238,0.34982028708569346,0.4693037830705885
E3_117plate4.tif,E3,7,11,1123.0648648648648,1236.4108108108107,3,0.3,0.4,662,48,True,0.07250755287009064,0.42105263157894735,157725.0,3285.9375,0.44850030710434724,0.9178040901749358
E3_117plate4.tif,E3,7,11,1123.0648648648648,1236.4108108108107,4,0.4,0.5,909,11,True,0.0121012101210121,0.09649122807017543,28906.0,2627.818181818182,0.08219590982506426,1.0
E3_117plate4.tif,E3,7,11,1123.0648648648648,1236.4108108108107,5,0.5,0.6,1230,0,False,0.0,0.0,0.0,0.0,0.0,1.0
E3_117plate4.tif,E3,7,11,1123.0648648648648,1236.4108108108107,6,0.6,0.7,1612,0,False,0.0,0.0,0.0,0.0,0.0,1.0
E3_117plate4.tif,E3,7,11,1123.0648648648648,1236.4108108108107,7,0.7,0.8,1959,0,False,0.0,0.0,0.0,0.0,0.0,1.0
E3_117plate4.tif,E3,7,11,1123.0648648648648,1236.4108108108107,8,0.8,0.9,2350,0,False,0.0,0.0,0.0,0.0,0.0,1.0
E3_117plate4.tif,E3,7,11,1123.0648648648648,1236.4108108108107,9,0.9,1.0,2989,0,False,0.0,0.0,0.0,0.0,0.0,1.0
E3_117plate4.tif,E3,7,12,1264.3716475095785,794.7816091954023,0,0.0,0.1,8,0,False,0.0,0.0,0.0,0.0,0.0,0.0
E3_117plate4.tif,E3,7,12,1264.3716475095785,794.7816091954023,1,0.1,0.2,37,0,False,0.0,0.0,0.0,0.0,0.0,0.0
E3_117plate4.tif,E3,7,12,1264.3716475095785,794.7816091954023,2,0.2,0.3,75,0,False,0.0,0.0,0.0,0.0,0.0,0.0
E3_117plate4.tif,E3,7,12,1264.3716475095785,794.7816091954023,3,0.3,0.4,121,0,False,0.0,0.0,0.0,0.0,0.0,0.0
E3_117plate4.tif,E3,7,12,1264.3716475095785,794.7816091954023,4,0.4,0.5,246,0,False,0.0,0.0,0.0,0.0,0.0,0.0
E3_117plate4.tif,E3,7,12,1264.3716475095785,794.7816091954023,5,0.5,0.6,423,0,False,0.0,0.0,0.0,0.0,0.0,0.0
E3_117plate4.tif,E3,7,12,1264.3716475095785,794.7816091954023,6,0.6,0.7,564,0,False,0.0,0.0,0.0,0.0,0.0,0.0
E3_117plate4.tif,E3,7,12,1264.3716475095785,794.7816091954023,7,0.7,0.8,776,0,False,0.0,0.0,0.0,0.0,0.0,0.0
E3_117plate4.tif,E3,7,12,1264.3716475095785,794.7816091954023,8,0.8,0.9,1161,0,False,0.0,0.0,0.0,0.0,0.0,0.0
E3_117plate4.tif,E3,7,12,1264.3716475095785,794.7816091954023,9,0.9,1.0,1850,0,False,0.0,0.0,0.0,0.0,0.0,0.0
E3_117plate4.tif,E3,7,13,1416.6252723311547,873.9520697167756,0,0.0,0.1,14,0,False,0.0,0.0,0.0,0.0,0.0,0.0
E3_117plate4.tif,E3,7,13,1416.6252723311547,873.9520697167756,1,0.1,0.2,57,0,False,0.0,0.0,0.0,0.0,0.0,0.0
E3_117plate4.tif,E3,7,13,1416.6252723311547,873.9520697167756,2,0.2,0.3,113,0,False,0.0,0.0,0.0,0.0,0.0,0.0
E3_117plate4.tif,E3,7,13,1416.6252723311547,873.9520697167756,3,0.3,0.4,185,4,True,0.021621621621621623,0.04878048780487805,6492.0,1623.0,0.04631948457800895,0.04631948457800895
E3_117plate4.tif,E3,7,13,1416.6252723311547,873.9520697167756,4,0.4,0.5,257,49,True,0.19066147859922178,0.5975609756097561,84908.0,1732.8163265306123,0.6058063457408478,0.6521258303188567
E3_117plate4.tif,E3,7,13,1416.6252723311547,873.9520697167756,5,0.5,0.6,323,28,True,0.08668730650154799,0.34146341463414637,47271.0,1688.25,0.3372717737965282,0.9893976041153849
E3_117plate4.tif,E3,7,13,1416.6252723311547,873.9520697167756,6,0.6,0.7,397,1,True,0.0025188916876574307,0.012195121951219513,1486.0,1486.0,0.010602395884615111,1.0
E3_117plate4.tif,E3,7,13,1416.6252723311547,873.9520697167756,7,0.7,0.8,467,0,False,0.0,0.0,0.0,0.0,0.0,1.0
E3_117plate4.tif,E3,7,13,1416.6252723311547,873.9520697167756,8,0.8,0.9,542,0,False,0.0,0.0,0.0,0.0,0.0,1.0
E3_117plate4.tif,E3,7,13,1416.6252723311547,873.9520697167756,9,0.9,1.0,726,0,False,0.0,0.0,0.0,0.0,0.0,1.0
E3_117plate4.tif,E3,7,14,1411.5185185185185,1561.4920634920634,0,0.0,0.1,6,0,False,0.0,0.0,0.0,0.0,0.0,0.0
E3_117plate4.tif,E3,7,14,1411.5185185185185,1561.4920634920634,1,0.1,0.2,29,0,False,0.0,0.0,0.0,0.0,0.0,0.0
E3_117plate4.tif,E3,7,14,1411.5185185185185,1561.4920634920634,2,0.2,0.3,49,0,False,0.0,0.0,0.0,0.0,0.0,0.0
E3_117plate4.tif,E3,7,14,1411.5185185185185,1561.4920634920634,3,0.3,0.4,83,0,False,0.0,0.0,0.0,0.0,0.0,0.0
E3_117plate4.tif,E3,7,14,1411.5185185185185,1561.4920634920634,4,0.4,0.5,116,0,False,0.0,0.0,0.0,0.0,0.0,0.0
E3_117plate4.tif,E3,7,14,1411.5185185185185,1561.4920634920634,5,0.5,0.6,149,0,False,0.0,0.0,0.0,0.0,0.0,0.0
E3_117plate4.tif,E3,7,14,1411.5185185185185,1561.4920634920634,6,0.6,0.7,184,0,False,0.0,0.0,0.0,0.0,0.0,0.0
E3_117plate4.tif,E3,7,14,1411.5185185185185,1561.4920634920634,7,0.7,0.8,255,0,False,0.0,0.0,0.0,0.0,0.0,0.0
E3_117plate4.tif,E3,7,14,1411.5185185185185,1561.4920634920634,8,0.8,0.9,362,0,False,0.0,0.0,0.0,0.0,0.0,0.0
E3_117plate4.tif,E3,7,14,1411.5185185185185,1561.4920634920634,9,0.9,1.0,566,0,False,0.0,0.0,0.0,0.0,0.0,0.0
E3_117plate4.tif,E3,7,15,1494.2485875706216,393.51977401129943,0,0.0,0.1,7,0,False,0.0,0.0,0.0,0.0,0.0,0.0
E3_117plate4.tif,E3,7,15,1494.2485875706216,393.51977401129943,1,0.1,0.2,36,0,False,0.0,0.0,0.0,0.0,0.0,0.0
E3_117plate4.tif,E3,7,15,1494.2485875706216,393.51977401129943,2,0.2,0.3,82,0,False,0.0,0.0,0.0,0.0,0.0,0.0
E3_117plate4.tif,E3,7,15,1494.2485875706216,393.51977401129943,3,0.3,0.4,145,1,True,0.006896551724137931,0.007751937984496124,1526.0,1526.0,0.006470790276005072,0.006470790276005072
E3_117plate4.tif,E3,7,15,1494.2485875706216,393.51977401129943,4,0.4,0.5,198,57,True,0.2878787878787879,0.4418604651162791,109611.0,1923.0,0.46479016575569587,0.47126095603170093
E3_117plate4.tif,E3,7,15,1494.2485875706216,393.51977401129943,5,0.5,0.6,272,40,True,0.14705882352941177,0.31007751937984496,71483.0,1787.075,0.3031136967887749,0.7743746528204758
E3_117plate4.tif,E3,7,15,1494.2485875706216,393.51977401129943,6,0.6,0.7,341,2,True,0.005865102639296188,0.015503875968992248,3147.0,1573.5,0.01334441480903536,0.7877190676295112
E3_117plate4.tif,E3,7,15,1494.2485875706216,393.51977401129943,7,0.7,0.8,418,10,True,0.023923444976076555,0.07751937984496124,18577.0,1857.7,0.0787731788711312,0.8664922465006424
E3_117plate4.tif,E3,7,15,1494.2485875706216,393.51977401129943,8,0.8,0.9,530,17,True,0.03207547169811321,0.13178294573643412,28323.0,1666.0588235294117,0.12009973328131825,0.9865919797819607
E3_117plate4.tif,E3,7,15,1494.2485875706216,393.51977401129943,9,0.9,1.0,836,2,True,0.0023923444976076554,0.015503875968992248,3162.0,1581.0,0.013408020218039341,1.0
E3_117plate4.tif,E3,7,16,1802.1283185840707,2279.951327433628,0,0.0,0.1,9,0,False,0.0,0.0,0.0,0.0,0.0,0.0
E3_117plate4.tif,E3,7,16,1802.1283185840707,2279.951327433628,1,0.1,0.2,39,0,False,0.0,0.0,0.0,0.0,0.0,0.0
E3_117plate4.tif,E3,7,16,1802.1283185840707,2279.951327433628,2,0.2,0.3,95,0,False,0.0,0.0,0.0,0.0,0.0,0.0
E3_117plate4.tif,E3,7,16,1802.1283185840707,2279.951327433628,3,0.3,0.4,152,0,False,0.0,0.0,0.0,0.0,0.0,0.0
E3_117plate4.tif,E3,7,16,1802.1283185840707,2279.951327433628,4,0.4,0.5,223,1,True,0.004484304932735426,1.0,1535.0,1535.0,1.0,1.0
E3_117plate4.tif,E3,7,16,1802.1283185840707,2279.951327433628,5,0.5,0.6,286,0,False,0.0,0.0,0.0,0.0,0.0,1.0
E3_117plate4.tif,E3,7,16,1802.1283185840707,2279.951327433628,6,0.6,0.7,366,0,False,0.0,0.0,0.0,0.0,0.0,1.0
E3_117plate4.tif,E3,7,16,1802.1283185840707,2279.951327433628,7,0.7,0.8,452,0,False,0.0,0.0,0.0,0.0,0.0,1.0
E3_117plate4.tif,E3,7,16,1802.1283185840707,2279.951327433628,8,0.8,0.9,572,0,False,0.0,0.0,0.0,0.0,0.0,1.0
E3_117plate4.tif,E3,7,16,1802.1283185840707,2279.951327433628,9,0.9,1.0,958,0,False,0.0,0.0,0.0,0.0,0.0,1.0
E3_117plate4.tif,E3,7,17,1797.7894736842106,1142.093117408907,0,0.0,0.1,6,0,False,0.0,0.0,0.0,0.0,0.0,0.0
E3_117plate4.tif,E3,7,17,1797.7894736842106,1142.093117408907,1,0.1,0.2,25,0,False,0.0,0.0,0.0,0.0,0.0,0.0
E3_117plate4.tif,E3,7,17,1797.7894736842106,1142.093117408907,2,0.2,0.3,45,0,False,0.0,0.0,0.0,0.0,0.0,0.0
E3_117plate4.tif,E3,7,17,1797.7894736842106,1142.093117408907,3,0.3,0.4,77,0,False,0.0,0.0,0.0,0.0,0.0,0.0
E3_117plate4.tif,E3,7,17,1797.7894736842106,1142.093117408907,4,0.4,0.5,138,0,False,0.0,0.0,0.0,0.0,0.0,0.0
E3_117plate4.tif,E3,7,17,1797.7894736842106,1142.093117408907,5,0.5,0.6,211,0,False,0.0,0.0,0.0,0.0,0.0,0.0
E3_117plate4.tif,E3,7,17,1797.7894736842106,1142.093117408907,6,0.6,0.7,282,0,False,0.0,0.0,0.0,0.0,0.0,0.0
E3_117plate4.tif,E3,7,17,1797.7894736842106,1142.093117408907,7,0.7,0.8,362,0,False,0.0,0.0,0.0,0.0,0.0,0.0
E3_117plate4.tif,E3,7,17,1797.7894736842106,1142.093117408907,8,0.8,0.9,426,0,False,0.0,0.0,0.0,0.0,0.0,0.0
E3_117plate4.tif,E3,7,17,1797.7894736842106,1142.093117408907,9,0.9,1.0,594,0,False,0.0,0.0,0.0,0.0,0.0,0.0
E3_117plate4.tif,E3,7,18,1969.0887573964496,666.8639053254437,0,0.0,0.1,7,0,False,0.0,0.0,0.0,0.0,0.0,0.0
E3_117plate4.tif,E3,7,18,1969.0887573964496,666.8639053254437,1,0.1,0.2,22,0,False,0.0,0.0,0.0,0.0,0.0,0.0
E3_117plate4.tif,E3,7,18,1969.0887573964496,666.8639053254437,2,0.2,0.3,46,0,False,0.0,0.0,0.0,0.0,0.0,0.0
E3_117plate4.tif,E3,7,18,1969.0887573964496,666.8639053254437,3,0.3,0.4,67,0,False,0.0,0.0,0.0,0.0,0.0,0.0
E3_117plate4.tif,E3,7,18,1969.0887573964496,666.8639053254437,4,0.4,0.5,122,0,False,0.0,0.0,0.0,0.0,0.0,0.0
E3_117plate4.tif,E3,7,18,1969.0887573964496,666.8639053254437,5,0.5,0.6,218,0,False,0.0,0.0,0.0,0.0,0.0,0.0
E3_117plate4.tif,E3,7,18,1969.0887573964496,666.8639053254437,6,0.6,0.7,414,0,False,0.0,0.0,0.0,0.0,0.0,0.0
E3_117plate4.tif,E3,7,18,1969.0887573964496,666.8639053254437,7,0.7,0.8,561,0,False,0.0,0.0,0.0,0.0,0.0,0.0
E3_117plate4.tif,E3,7,18,1969.0887573964496,666.8639053254437,8,0.8,0.9,744,0,False,0.0,0.0,0.0,0.0,0.0,0.0
E3_117plate4.tif,E3,7,18,1969.0887573964496,666.8639053254437,9,0.9,1.0,1000,0,False,0.0,0.0,0.0,0.0,0.0,0.0
E3_117plate4.tif,E3,7,19,2015.3193473193473,1166.1468531468531,0,0.0,0.1,10,0,False,0.0,0.0,0.0,0.0,0.0,0.0
E3_117plate4.tif,E3,7,19,2015.3193473193473,1166.1468531468531,1,0.1,0.2,43,0,False,0.0,0.0,0.0,0.0,0.0,0.0
E3_117plate4.tif,E3,7,19,2015.3193473193473,1166.1468531468531,2,0.2,0.3,93,0,False,0.0,0.0,0.0,0.0,0.0,0.0
E3_117plate4.tif,E3,7,19,2015.3193473193473,1166.1468531468531,3,0.3,0.4,160,0,False,0.0,0.0,0.0,0.0,0.0,0.0
E3_117plate4.tif,E3,7,19,2015.3193473193473,1166.1468531468531,4,0.4,0.5,238,0,False,0.0,0.0,0.0,0.0,0.0,0.0
E3_117plate4.tif,E3,7,19,2015.3193473193473,1166.1468531468531,5,0.5,0.6,400,0,False,0.0,0.0,0.0,0.0,0.0,0.0
E3_117plate4.tif,E3,7,19,2015.3193473193473,1166.1468531468531,6,0.6,0.7,686,0,False,0.0,0.0,0.0,0.0,0.0,0.0
E3_117plate4.tif,E3,7,19,2015.3193473193473,1166.1468531468531,7,0.7,0.8,1199,0,False,0.0,0.0,0.0,0.0,0.0,0.0
E3_117plate4.tif,E3,7,19,2015.3193473193473,1166.1468531468531,8,0.8,0.9,1564,0,False,0.0,0.0,0.0,0.0,0.0,0.0
E3_117plate4.tif,E3,7,19,2015.3193473193473,1166.1468531468531,9,0.9,1.0,2143,0,False,0.0,0.0,0.0,0.0,0.0,0.0
E3_117plate4.tif,E3,7,20,1997.6079812206572,828.3661971830986,0,0.0,0.1,12,0,False,0.0,0.0,0.0,0.0,0.0,0.0
E3_117plate4.tif,E3,7,20,1997.6079812206572,828.3661971830986,1,0.1,0.2,36,0,False,0.0,0.0,0.0,0.0,0.0,0.0
E3_117plate4.tif,E3,7,20,1997.6079812206572,828.3661971830986,2,0.2,0.3,74,0,False,0.0,0.0,0.0,0.0,0.0,0.0
E3_117plate4.tif,E3,7,20,1997.6079812206572,828.3661971830986,3,0.3,0.4,121,0,False,0.0,0.0,0.0,0.0,0.0,0.0
E3_117plate4.tif,E3,7,20,1997.6079812206572,828.3661971830986,4,0.4,0.5,181,0,False,0.0,0.0,0.0,0.0,0.0,0.0
E3_117plate4.tif,E3,7,20,1997.6079812206572,828.3661971830986,5,0.5,0.6,254,0,False,0.0,0.0,0.0,0.0,0.0,0.0
E3_117plate4.tif,E3,7,20,1997.6079812206572,828.3661971830986,6,0.6,0.7,315,0,False,0.0,0.0,0.0,0.0,0.0,0.0
E3_117plate4.tif,E3,7,20,1997.6079812206572,828.3661971830986,7,0.7,0.8,402,0,False,0.0,0.0,0.0,0.0,0.0,0.0
E3_117plate4.tif,E3,7,20,1997.6079812206572,828.3661971830986,8,0.8,0.9,533,0,False,0.0,0.0,0.0,0.0,0.0,0.0
E3_117plate4.tif,E3,7,20,1997.6079812206572,828.3661971830986,9,0.9,1.0,1196,0,False,0.0,0.0,0.0,0.0,0.0,0.0
E3_117plate4.tif,E3,7,21,2078.2834467120183,1250.4920634920634,0,0.0,0.1,8,0,False,0.0,0.0,0.0,0.0,0.0,0.0
E3_117plate4.tif,E3,7,21,2078.2834467120183,1250.4920634920634,1,0.1,0.2,35,0,False,0.0,0.0,0.0,0.0,0.0,0.0
E3_117plate4.tif,E3,7,21,2078.2834467120183,1250.4920634920634,2,0.2,0.3,70,0,False,0.0,0.0,0.0,0.0,0.0,0.0
E3_117plate4.tif,E3,7,21,2078.2834467120183,1250.4920634920634,3,0.3,0.4,110,16,True,0.14545454545454545,0.2962962962962963,31971.0,1998.1875,0.3249745883309616,0.3249745883309616
E3_117plate4.tif,E3,7,21,2078.2834467120183,1250.4920634920634,4,0.4,0.5,142,13,True,0.09154929577464789,0.24074074074074073,23135.0,1779.6153846153845,0.2351595852815613,0.5601341736125229
E3_117plate4.tif,E3,7,21,2078.2834467120183,1250.4920634920634,5,0.5,0.6,195,5,True,0.02564102564102564,0.09259259259259259,8079.0,1615.8,0.08212034966456597,0.6422545232770889
E3_117plate4.tif,E3,7,21,2078.2834467120183,1250.4920634920634,6,0.6,0.7,255,0,False,0.0,0.0,0.0,0.0,0.0,0.6422545232770889
E3_117plate4.tif,E3,7,21,2078.2834467120183,1250.4920634920634,7,0.7,0.8,382,0,False,0.0,0.0,0.0,0.0,0.0,0.6422545232770889
E3_117plate4.tif,E3,7,21,2078.2834467120183,1250.4920634920634,8,0.8,0.9,607,2,True,0.0032948929159802307,0.037037037037037035,3772.0,1886.0,0.03834112624517178,0.6805956495222607
E3_117plate4.tif,E3,7,21,2078.2834467120183,1250.4920634920634,9,0.9,1.0,1184,18,True,0.015202702702702704,0.3333333333333333,31423.0,1745.7222222222222,0.31940435047773935,1.0
E3_117plate4.tif,E3,7,22,2129.191919191919,674.0151515151515,0,0.0,0.1,54,0,False,0.0,0.0,0.0,0.0,0.0,0.0
E3_117plate4.tif,E3,7,22,2129.191919191919,674.0151515151515,1,0.1,0.2,187,0,False,0.0,0.0,0.0,0.0,0.0,0.0
E3_117plate4.tif,E3,7,22,2129.191919191919,674.0151515151515,2,0.2,0.3,336,0,False,0.0,0.0,0.0,0.0,0.0,0.0
E3_117plate4.tif,E3,7,22,2129.191919191919,674.0151515151515,3,0.3,0.4,503,0,False,0.0,0.0,0.0,0.0,0.0,0.0
E3_117plate4.tif,E3,7,22,2129.191919191919,674.0151515151515,4,0.4,0.5,689,0,False,0.0,0.0,0.0,0.0,0.0,0.0
E3_117plate4.tif,E3,7,22,2129.191919191919,674.0151515151515,5,0.5,0.6,887,0,False,0.0,0.0,0.0,0.0,0.0,0.0
E3_117plate4.tif,E3,7,22,2129.191919191919,674.0151515151515,6,0.6,0.7,1105,0,False,0.0,0.0,0.0,0.0,0.0,0.0
E3_117plate4.tif,E3,7,22,2129.191919191919,674.0151515151515,7,0.7,0.8,1351,0,False,0.0,0.0,0.0,0.0,0.0,0.0
E3_117plate4.tif,E3,7,22,2129.191919191919,674.0151515151515,8,0.8,0.9,1656,0,False,0.0,0.0,0.0,0.0,0.0,0.0
E3_117plate4.tif,E3,7,22,2129.191919191919,674.0151515151515,9,0.9,1.0,2345,0,False,0.0,0.0,0.0,0.0,0.0,0.0
E3_141plate5.tif,E3,8,0,240.85303514376997,1322.1277955271566,0,0.0,0.1,10,0,False,0.0,0.0,0.0,0.0,0.0,0.0
E3_141plate5.tif,E3,8,0,240.85303514376997,1322.1277955271566,1,0.1,0.2,42,0,False,0.0,0.0,0.0,0.0,0.0,0.0
E3_141plate5.tif,E3,8,0,240.85303514376997,1322.1277955271566,2,0.2,0.3,120,0,False,0.0,0.0,0.0,0.0,0.0,0.0
E3_141plate5.tif,E3,8,0,240.85303514376997,1322.1277955271566,3,0.3,0.4,185,0,False,0.0,0.0,0.0,0.0,0.0,0.0
E3_141plate5.tif,E3,8,0,240.85303514376997,1322.1277955271566,4,0.4,0.5,242,0,False,0.0,0.0,0.0,0.0,0.0,0.0
E3_141plate5.tif,E3,8,0,240.85303514376997,1322.1277955271566,5,0.5,0.6,320,0,False,0.0,0.0,0.0,0.0,0.0,0.0
E3_141plate5.tif,E3,8,0,240.85303514376997,1322.1277955271566,6,0.6,0.7,383,0,False,0.0,0.0,0.0,0.0,0.0,0.0
E3_141plate5.tif,E3,8,0,240.85303514376997,1322.1277955271566,7,0.7,0.8,459,0,False,0.0,0.0,0.0,0.0,0.0,0.0
E3_141plate5.tif,E3,8,0,240.85303514376997,1322.1277955271566,8,0.8,0.9,538,0,False,0.0,0.0,0.0,0.0,0.0,0.0
E3_141plate5.tif,E3,8,0,240.85303514376997,1322.1277955271566,9,0.9,1.0,710,0,False,0.0,0.0,0.0,0.0,0.0,0.0
E3_141plate5.tif,E3,8,1,479.94809688581313,2029.5017301038063,0,0.0,0.1,32,0,False,0.0,0.0,0.0,0.0,0.0,0.0
E3_141plate5.tif,E3,8,1,479.94809688581313,2029.5017301038063,1,0.1,0.2,99,0,False,0.0,0.0,0.0,0.0,0.0,0.0
E3_141plate5.tif,E3,8,1,479.94809688581313,2029.5017301038063,2,0.2,0.3,173,22,True,0.12716763005780346,0.026634382566585957,57616.0,2618.909090909091,0.02843710900579196,0.02843710900579196
E3_141plate5.tif,E3,8,1,479.94809688581313,2029.5017301038063,3,0.3,0.4,252,157,True,0.623015873015873,0.1900726392251816,443747.0,2826.4140127388537,0.2190169711537275,0.24745408015951947
E3_141plate5.tif,E3,8,1,479.94809688581313,2029.5017301038063,4,0.4,0.5,332,277,True,0.8343373493975904,0.3353510895883777,727902.0,2627.8050541516245,0.3592652825523115,0.606719362711831
E3_141plate5.tif,E3,8,1,479.94809688581313,2029.5017301038063,5,0.5,0.6,400,228,True,0.57,0.27602905569007263,525497.0,2304.811403508772,0.259365722563466,0.866085085275297
E3_141plate5.tif,E3,8,1,479.94809688581313,2029.5017301038063,6,0.6,0.7,499,124,True,0.24849699398797595,0.15012106537530268,240848.0,1942.3225806451612,0.11887359118694428,0.9849586764622413
E3_141plate5.tif,E3,8,1,479.94809688581313,2029.5017301038063,7,0.7,0.8,580,18,True,0.03103448275862069,0.021791767554479417,30475.0,1693.0555555555557,0.01504132353775878,1.0000000000000002
E3_141plate5.tif,E3,8,1,479.94809688581313,2029.5017301038063,8,0.8,0.9,667,0,False,0.0,0.0,0.0,0.0,0.0,1.0000000000000002
E3_141plate5.tif,E3,8,1,479.94809688581313,2029.5017301038063,9,0.9,1.0,886,0,False,0.0,0.0,0.0,0.0,0.0,1.0000000000000002
E3_141plate5.tif,E3,8,2,535.7993311036789,2013.2307692307693,0,0.0,0.1,21,0,False,0.0,0.0,0.0,0.0,0.0,0.0
E3_141plate5.tif,E3,8,2,535.7993311036789,2013.2307692307693,1,0.1,0.2,81,0,False,0.0,0.0,0.0,0.0,0.0,0.0
E3_141plate5.tif,E3,8,2,535.7993311036789,2013.2307692307693,2,0.2,0.3,172,0,False,0.0,0.0,0.0,0.0,0.0,0.0
E3_141plate5.tif,E3,8,2,535.7993311036789,2013.2307692307693,3,0.3,0.4,314,2,True,0.006369426751592357,0.01020408163265306,3672.0,1836.0,0.009953053679268808,0.009953053679268808
E3_141plate5.tif,E3,8,2,535.7993311036789,2013.2307692307693,4,0.4,0.5,454,32,True,0.07048458149779736,0.16326530612244897,67328.0,2104.0,0.18249433499940368,0.19244738867867248
E3_141plate5.tif,E3,8,2,535.7993311036789,2013.2307692307693,5,0.5,0.6,626,89,True,0.14217252396166133,0.45408163265306123,171390.0,1925.7303370786517,0.46455715416391097,0.6570045428425835
E3_141plate5.tif,E3,8,2,535.7993311036789,2013.2307692307693,6,0.6,0.7,843,53,True,0.06287069988137604,0.27040816326530615,92689.0,1748.8490566037735,0.2512360001301053,0.9082405429726887
E3_141plate5.tif,E3,8,2,535.7993311036789,2013.2307692307693,7,0.7,0.8,1092,20,True,0.018315018315018316,0.10204081632653061,33853.0,1692.65,0.09175945702731127,1.0
E3_141plate5.tif,E3,8,2,535.7993311036789,2013.2307692307693,8,0.8,0.9,1319,0,False,0.0,0.0,0.0,0.0,0.0,1.0
E3_141plate5.tif,E3,8,2,535.7993311036789,2013.2307692307693,9,0.9,1.0,1762,0,False,0.0,0.0,0.0,0.0,0.0,1.0
E3_141plate5.tif,E3,8,3,644.4342105263158,2085.309210526316,0,0.0,0.1,18,0,False,0.0,0.0,0.0,0.0,0.0,0.0
E3_141plate5.tif,E3,8,3,644.4342105263158,2085.309210526316,1,0.1,0.2,71,0,False,0.0,0.0,0.0,0.0,0.0,0.0
E3_141plate5.tif,E3,8,3,644.4342105263158,2085.309210526316,2,0.2,0.3,137,0,False,0.0,0.0,0.0,0.0,0.0,0.0
E3_141plate5.tif,E3,8,3,644.4342105263158,2085.309210526316,3,0.3,0.4,210,0,False,0.0,0.0,0.0,0.0,0.0,0.0
E3_141plate5.tif,E3,8,3,644.4342105263158,2085.309210526316,4,0.4,0.5,284,0,False,0.0,0.0,0.0,0.0,0.0,0.0
E3_141plate5.tif,E3,8,3,644.4342105263158,2085.309210526316,5,0.5,0.6,373,0,False,0.0,0.0,0.0,0.0,0.0,0.0
E3_141plate5.tif,E3,8,3,644.4342105263158,2085.309210526316,6,0.6,0.7,478,0,False,0.0,0.0,0.0,0.0,0.0,0.0
E3_141plate5.tif,E3,8,3,644.4342105263158,2085.309210526316,7,0.7,0.8,585,0,False,0.0,0.0,0.0,0.0,0.0,0.0
E3_141plate5.tif,E3,8,3,644.4342105263158,2085.309210526316,8,0.8,0.9,682,0,False,0.0,0.0,0.0,0.0,0.0,0.0
E3_141plate5.tif,E3,8,3,644.4342105263158,2085.309210526316,9,0.9,1.0,930,0,False,0.0,0.0,0.0,0.0,0.0,0.0
E3_141plate5.tif,E3,8,4,661.1796875,1936.3098958333333,0,0.0,0.1,10,0,False,0.0,0.0,0.0,0.0,0.0,0.0
E3_141plate5.tif,E3,8,4,661.1796875,1936.3098958333333,1,0.1,0.2,40,0,False,0.0,0.0,0.0,0.0,0.0,0.0
E3_141plate5.tif,E3,8,4,661.1796875,1936.3098958333333,2,0.2,0.3,69,0,False,0.0,0.0,0.0,0.0,0.0,0.0
E3_141plate5.tif,E3,8,4,661.1796875,1936.3098958333333,3,0.3,0.4,100,0,False,0.0,0.0,0.0,0.0,0.0,0.0
E3_141plate5.tif,E3,8,4,661.1796875,1936.3098958333333,4,0.4,0.5,139,0,False,0.0,0.0,0.0,0.0,0.0,0.0
E3_141plate5.tif,E3,8,4,661.1796875,1936.3098958333333,5,0.5,0.6,169,0,False,0.0,0.0,0.0,0.0,0.0,0.0
E3_141plate5.tif,E3,8,4,661.1796875,1936.3098958333333,6,0.6,0.7,206,0,False,0.0,0.0,0.0,0.0,0.0,0.0
E3_141plate5.tif,E3,8,4,661.1796875,1936.3098958333333,7,0.7,0.8,249,0,False,0.0,0.0,0.0,0.0,0.0,0.0
E3_141plate5.tif,E3,8,4,661.1796875,1936.3098958333333,8,0.8,0.9,294,0,False,0.0,0.0,0.0,0.0,0.0,0.0
E3_141plate5.tif,E3,8,4,661.1796875,1936.3098958333333,9,0.9,1.0,419,0,False,0.0,0.0,0.0,0.0,0.0,0.0
E3_141plate5.tif,E3,8,5,670.449074074074,949.4814814814815,0,0.0,0.1,14,0,False,0.0,0.0,0.0,0.0,0.0,0.0
E3_141plate5.tif,E3,8,5,670.449074074074,949.4814814814815,1,0.1,0.2,52,0,False,0.0,0.0,0.0,0.0,0.0,0.0
E3_141plate5.tif,E3,8,5,670.449074074074,949.4814814814815,2,0.2,0.3,94,0,False,0.0,0.0,0.0,0.0,0.0,0.0
E3_141plate5.tif,E3,8,5,670.449074074074,949.4814814814815,3,0.3,0.4,131,0,False,0.0,0.0,0.0,0.0,0.0,0.0
E3_141plate5.tif,E3,8,5,670.449074074074,949.4814814814815,4,0.4,0.5,180,0,False,0.0,0.0,0.0,0.0,0.0,0.0
E3_141plate5.tif,E3,8,5,670.449074074074,949.4814814814815,5,0.5,0.6,230,0,False,0.0,0.0,0.0,0.0,0.0,0.0
E3_141plate5.tif,E3,8,5,670.449074074074,949.4814814814815,6,0.6,0.7,280,0,False,0.0,0.0,0.0,0.0,0.0,0.0
E3_141plate5.tif,E3,8,5,670.449074074074,949.4814814814815,7,0.7,0.8,327,0,False,0.0,0.0,0.0,0.0,0.0,0.0
E3_141plate5.tif,E3,8,5,670.449074074074,949.4814814814815,8,0.8,0.9,399,0,False,0.0,0.0,0.0,0.0,0.0,0.0
E3_141plate5.tif,E3,8,5,670.449074074074,949.4814814814815,9,0.9,1.0,532,0,False,0.0,0.0,0.0,0.0,0.0,0.0
E3_141plate5.tif,E3,8,6,764.2361111111111,1348.357638888889,0,0.0,0.1,14,0,False,0.0,0.0,0.0,0.0,0.0,0.0
E3_141plate5.tif,E3,8,6,764.2361111111111,1348.357638888889,1,0.1,0.2,67,0,False,0.0,0.0,0.0,0.0,0.0,0.0
E3_141plate5.tif,E3,8,6,764.2361111111111,1348.357638888889,2,0.2,0.3,124,2,True,0.016129032258064516,0.005128205128205128,3232.0,1616.0,0.003393239977238415,0.003393239977238415
E3_141plate5.tif,E3,8,6,764.2361111111111,1348.357638888889,3,0.3,0.4,182,66,True,0.3626373626373626,0.16923076923076924,159713.0,2419.8939393939395,0.16768085906085364,0.17107409903809206
E3_141plate5.tif,E3,8,6,764.2361111111111,1348.357638888889,4,0.4,0.5,248,109,True,0.43951612903225806,0.2794871794871795,285050.0,2615.137614678899,0.2992707473737036,0.4703448464117957
E3_141plate5.tif,E3,8,6,764.2361111111111,1348.357638888889,5,0.5,0.6,326,148,True,0.4539877300613497,0.37948717948717947,369133.0,2494.141891891892,0.3875485311008502,0.8578933775126458
E3_141plate5.tif,E3,8,6,764.2361111111111,1348.357638888889,6,0.6,0.7,415,64,True,0.15421686746987953,0.1641025641025641,133832.0,2091.125,0.14050869202777586,0.9984020695404217
E3_141plate5.tif,E3,8,6,764.2361111111111,1348.357638888889,7,0.7,0.8,531,1,True,0.0018832391713747645,0.002564102564102564,1522.0,1522.0,0.0015979304595782388,0.9999999999999999
E3_141plate5.tif,E3,8,6,764.2361111111111,1348.357638888889,8,0.8,0.9,649,0,False,0.0,0.0,0.0,0.0,0.0,0.9999999999999999
E3_141plate5.tif,E3,8,6,764.2361111111111,1348.357638888889,9,0.9,1.0,913,0,False,0.0,0.0,0.0,0.0,0.0,0.9999999999999999
E3_141plate5.tif,E3,8,7,776.8213399503722,845.0545905707196,0,0.0,0.1,13,0,False,0.0,0.0,0.0,0.0,0.0,0.0
E3_141plate5.tif,E3,8,7,776.8213399503722,845.0545905707196,1,0.1,0.2,40,0,False,0.0,0.0,0.0,0.0,0.0,0.0
E3_141plate5.tif,E3,8,7,776.8213399503722,845.0545905707196,2,0.2,0.3,77,0,False,0.0,0.0,0.0,0.0,0.0,0.0
E3_141plate5.tif,E3,8,7,776.8213399503722,845.0545905707196,3,0.3,0.4,107,0,False,0.0,0.0,0.0,0.0,0.0,0.0
E3_141plate5.tif,E3,8,7,776.8213399503722,845.0545905707196,4,0.4,0.5,146,0,False,0.0,0.0,0.0,0.0,0.0,0.0
E3_141plate5.tif,E3,8,7,776.8213399503722,845.0545905707196,5,0.5,0.6,186,0,False,0.0,0.0,0.0,0.0,0.0,0.0
E3_141plate5.tif,E3,8,7,776.8213399503722,845.0545905707196,6,0.6,0.7,230,0,False,0.0,0.0,0.0,0.0,0.0,0.0
E3_141plate5.tif,E3,8,7,776.8213399503722,845.0545905707196,7,0.7,0.8,275,0,False,0.0,0.0,0.0,0.0,0.0,0.0
E3_141plate5.tif,E3,8,7,776.8213399503722,845.0545905707196,8,0.8,0.9,345,0,False,0.0,0.0,0.0,0.0,0.0,0.0
E3_141plate5.tif,E3,8,7,776.8213399503722,845.0545905707196,9,0.9,1.0,483,0,False,0.0,0.0,0.0,0.0,0.0,0.0
E3_141plate5.tif,E3,8,8,788.8850931677018,1025.1863354037266,0,0.0,0.1,24,0,False,0.0,0.0,0.0,0.0,0.0,0.0
E3_141plate5.tif,E3,8,8,788.8850931677018,1025.1863354037266,1,0.1,0.2,82,0,False,0.0,0.0,0.0,0.0,0.0,0.0
E3_141plate5.tif,E3,8,8,788.8850931677018,1025.1863354037266,2,0.2,0.3,149,3,True,0.020134228187919462,0.05,7693.0,2564.3333333333335,0.0541642317522231,0.0541642317522231
E3_141plate5.tif,E3,8,8,788.8850931677018,1025.1863354037266,3,0.3,0.4,239,32,True,0.13389121338912133,0.5333333333333333,83741.0,2616.90625,0.5895966373538172,0.6437608691060402
E3_141plate5.tif,E3,8,8,788.8850931677018,1025.1863354037266,4,0.4,0.5,318,23,True,0.07232704402515723,0.38333333333333336,47345.0,2058.478260869565,0.3333427209552844,0.9771035900613246
E3_141plate5.tif,E3,8,8,788.8850931677018,1025.1863354037266,5,0.5,0.6,407,2,True,0.004914004914004914,0.03333333333333333,3252.0,1626.0,0.02289640993867536,1.0
E3_141plate5.tif,E3,8,8,788.8850931677018,1025.1863354037266,6,0.6,0.7,529,0,False,0.0,0.0,0.0,0.0,0.0,1.0
E3_141plate5.tif,E3,8,8,788.8850931677018,1025.1863354037266,7,0.7,0.8,648,0,False,0.0,0.0,0.0,0.0,0.0,1.0
E3_141plate5.tif,E3,8,8,788.8850931677018,1025.1863354037266,8,0.8,0.9,774,0,False,0.0,0.0,0.0,0.0,0.0,1.0
E3_141plate5.tif,E3,8,8,788.8850931677018,1025.1863354037266,9,0.9,1.0,1039,0,False,0.0,0.0,0.0,0.0,0.0,1.0
E3_141plate5.tif,E3,8,9,804.5310734463277,1718.2485875706216,0,0.0,0.1,10,0,False,0.0,0.0,0.0,0.0,0.0,0.0
E3_141plate5.tif,E3,8,9,804.5310734463277,1718.2485875706216,1,0.1,0.2,42,0,False,0.0,0.0,0.0,0.0,0.0,0.0
E3_141plate5.tif,E3,8,9,804.5310734463277,1718.2485875706216,2,0.2,0.3,72,2,True,0.027777777777777776,0.014925373134328358,3767.0,1883.5,0.015373564977492643,0.015373564977492643
E3_141plate5.tif,E3,8,9,804.5310734463277,1718.2485875706216,3,0.3,0.4,111,7,True,0.06306306306306306,0.05223880597014925,12608.0,1801.142857142857,0.051454713893344106,0.06682827887083675
E3_141plate5.tif,E3,8,9,804.5310734463277,1718.2485875706216,4,0.4,0.5,164,19,True,0.11585365853658537,0.1417910447761194,33399.0,1757.842105263158,0.13630520219890543,0.2031334810697422
E3_141plate5.tif,E3,8,9,804.5310734463277,1718.2485875706216,5,0.5,0.6,229,48,True,0.2096069868995633,0.3582089552238806,91990.0,1916.4583333333333,0.375421885394093,0.5785553664638352
E3_141plate5.tif,E3,8,9,804.5310734463277,1718.2485875706216,6,0.6,0.7,311,35,True,0.11254019292604502,0.26119402985074625,63931.0,1826.6,0.26090984406054746,0.8394652105243827
E3_141plate5.tif,E3,8,9,804.5310734463277,1718.2485875706216,7,0.7,0.8,489,23,True,0.04703476482617587,0.17164179104477612,39336.0,1710.2608695652175,0.16053478947561736,1.0
E3_141plate5.tif,E3,8,9,804.5310734463277,1718.2485875706216,8,0.8,0.9,663,0,False,0.0,0.0,0.0,0.0,0.0,1.0
E3_141plate5.tif,E3,8,9,804.5310734463277,1718.2485875706216,9,0.9,1.0,954,0,False,0.0,0.0,0.0,0.0,0.0,1.0
E3_141plate5.tif,E3,8,10,827.7902571041949,1199.1894451962112,0,0.0,0.1,7,0,False,0.0,0.0,0.0,0.0,0.0,0.0
E3_141plate5.tif,E3,8,10,827.7902571041949,1199.1894451962112,1,0.1,0.2,29,0,False,0.0,0.0,0.0,0.0,0.0,0.0
E3_141plate5.tif,E3,8,10,827.7902571041949,1199.1894451962112,2,0.2,0.3,93,0,False,0.0,0.0,0.0,0.0,0.0,0.0
E3_141plate5.tif,E3,8,10,827.7902571041949,1199.1894451962112,3,0.3,0.4,346,0,False,0.0,0.0,0.0,0.0,0.0,0.0
E3_141plate5.tif,E3,8,10,827.7902571041949,1199.1894451962112,4,0.4,0.5,532,0,False,0.0,0.0,0.0,0.0,0.0,0.0
E3_141plate5.tif,E3,8,10,827.7902571041949,1199.1894451962112,5,0.5,0.6,704,0,False,0.0,0.0,0.0,0.0,0.0,0.0
E3_141plate5.tif,E3,8,10,827.7902571041949,1199.1894451962112,6,0.6,0.7,862,0,False,0.0,0.0,0.0,0.0,0.0,0.0
E3_141plate5.tif,E3,8,10,827.7902571041949,1199.1894451962112,7,0.7,0.8,1034,0,False,0.0,0.0,0.0,0.0,0.0,0.0
E3_141plate5.tif,E3,8,10,827.7902571041949,1199.1894451962112,8,0.8,0.9,1253,0,False,0.0,0.0,0.0,0.0,0.0,0.0
E3_141plate5.tif,E3,8,10,827.7902571041949,1199.1894451962112,9,0.9,1.0,1642,0,False,0.0,0.0,0.0,0.0,0.0,0.0
E3_141plate5.tif,E3,8,11,904.9228295819936,914.9228295819936,0,0.0,0.1,14,0,False,0.0,0.0,0.0,0.0,0.0,0.0
E3_141plate5.tif,E3,8,11,904.9228295819936,914.9228295819936,1,0.1,0.2,63,0,False,0.0,0.0,0.0,0.0,0.0,0.0
E3_141plate5.tif,E3,8,11,904.9228295819936,914.9228295819936,2,0.2,0.3,133,0,False,0.0,0.0,0.0,0.0,0.0,0.0
E3_141plate5.tif,E3,8,11,904.9228295819936,914.9228295819936,3,0.3,0.4,264,0,False,0.0,0.0,0.0,0.0,0.0,0.0
E3_141plate5.tif,E3,8,11,904.9228295819936,914.9228295819936,4,0.4,0.5,411,0,False,0.0,0.0,0.0,0.0,0.0,0.0
E3_141plate5.tif,E3,8,11,904.9228295819936,914.9228295819936,5,0.5,0.6,593,0,False,0.0,0.0,0.0,0.0,0.0,0.0
E3_141plate5.tif,E3,8,11,904.9228295819936,914.9228295819936,6,0.6,0.7,738,0,False,0.0,0.0,0.0,0.0,0.0,0.0
E3_141plate5.tif,E3,8,11,904.9228295819936,914.9228295819936,7,0.7,0.8,912,0,False,0.0,0.0,0.0,0.0,0.0,0.0
E3_141plate5.tif,E3,8,11,904.9228295819936,914.9228295819936,8,0.8,0.9,1176,1,True,0.0008503401360544217,0.25,1729.0,1729.0,0.24978329962438603,0.24978329962438603
E3_141plate5.tif,E3,8,11,904.9228295819936,914.9228295819936,9,0.9,1.0,1823,3,True,0.0016456390565002743,0.75,5193.0,1731.0,0.7502167003756139,1.0
E3_141plate5.tif,E3,8,12,862.1045751633987,176.27124183006535,0,0.0,0.1,7,0,False,0.0,0.0,0.0,0.0,0.0,0.0
E3_141plate5.tif,E3,8,12,862.1045751633987,176.27124183006535,1,0.1,0.2,28,0,False,0.0,0.0,0.0,0.0,0.0,0.0
E3_141plate5.tif,E3,8,12,862.1045751633987,176.27124183006535,2,0.2,0.3,53,0,False,0.0,0.0,0.0,0.0,0.0,0.0
E3_141plate5.tif,E3,8,12,862.1045751633987,176.27124183006535,3,0.3,0.4,89,0,False,0.0,0.0,0.0,0.0,0.0,0.0
E3_141plate5.tif,E3,8,12,862.1045751633987,176.27124183006535,4,0.4,0.5,117,0,False,0.0,0.0,0.0,0.0,0.0,0.0
E3_141plate5.tif,E3,8,12,862.1045751633987,176.27124183006535,5,0.5,0.6,156,0,False,0.0,0.0,0.0,0.0,0.0,0.0
E3_141plate5.tif,E3,8,12,862.1045751633987,176.27124183006535,6,0.6,0.7,214,0,False,0.0,0.0,0.0,0.0,0.0,0.0
E3_141plate5.tif,E3,8,12,862.1045751633987,176.27124183006535,7,0.7,0.8,289,0,False,0.0,0.0,0.0,0.0,0.0,0.0
E3_141plate5.tif,E3,8,12,862.1045751633987,176.27124183006535,8,0.8,0.9,363,0,False,0.0,0.0,0.0,0.0,0.0,0.0
E3_141plate5.tif,E3,8,12,862.1045751633987,176.27124183006535,9,0.9,1.0,570,0,False,0.0,0.0,0.0,0.0,0.0,0.0
E3_141plate5.tif,E3,8,13,872.264367816092,1851.4252873563219,0,0.0,0.1,7,0,False,0.0,0.0,0.0,0.0,0.0,0.0
E3_141plate5.tif,E3,8,13,872.264367816092,1851.4252873563219,1,0.1,0.2,24,0,False,0.0,0.0,0.0,0.0,0.0,0.0
E3_141plate5.tif,E3,8,13,872.264367816092,1851.4252873563219,2,0.2,0.3,57,1,True,0.017543859649122806,0.03225806451612903,1572.0,1572.0,0.02370611653999276,0.02370611653999276
E3_141plate5.tif,E3,8,13,872.264367816092,1851.4252873563219,3,0.3,0.4,98,12,True,0.12244897959183673,0.3870967741935484,26582.0,2215.1666666666665,0.40086258897333815,0.4245687055133309
E3_141plate5.tif,E3,8,13,872.264367816092,1851.4252873563219,4,0.4,0.5,137,1,True,0.0072992700729927005,0.03225806451612903,2019.0,2019.0,0.030446977922547955,0.4550156834358789
E3_141plate5.tif,E3,8,13,872.264367816092,1851.4252873563219,5,0.5,0.6,188,4,True,0.02127659574468085,0.12903225806451613,6538.0,1634.5,0.09859452286162385,0.5536102062975028
E3_141plate5.tif,E3,8,13,872.264367816092,1851.4252873563219,6,0.6,0.7,240,10,True,0.041666666666666664,0.3225806451612903,23464.0,2346.4,0.35384244179032454,0.9074526480878273
E3_141plate5.tif,E3,8,13,872.264367816092,1851.4252873563219,7,0.7,0.8,333,3,True,0.009009009009009009,0.0967741935483871,6137.0,2045.6666666666667,0.09254735191217275,1.0
E3_141plate5.tif,E3,8,13,872.264367816092,1851.4252873563219,8,0.8,0.9,421,0,False,0.0,0.0,0.0,0.0,0.0,1.0
E3_141plate5.tif,E3,8,13,872.264367816092,1851.4252873563219,9,0.9,1.0,590,0,False,0.0,0.0,0.0,0.0,0.0,1.0
E3_141plate5.tif,E3,8,14,923.2576687116565,1993.6717791411043,0,0.0,0.1,14,0,False,0.0,0.0,0.0,0.0,0.0,0.0
E3_141plate5.tif,E3,8,14,923.2576687116565,1993.6717791411043,1,0.1,0.2,47,0,False,0.0,0.0,0.0,0.0,0.0,0.0
E3_141plate5.tif,E3,8,14,923.2576687116565,1993.6717791411043,2,0.2,0.3,94,0,False,0.0,0.0,0.0,0.0,0.0,0.0
E3_141plate5.tif,E3,8,14,923.2576687116565,1993.6717791411043,3,0.3,0.4,137,0,False,0.0,0.0,0.0,0.0,0.0,0.0
E3_141plate5.tif,E3,8,14,923.2576687116565,1993.6717791411043,4,0.4,0.5,199,0,False,0.0,0.0,0.0,0.0,0.0,0.0
E3_141plate5.tif,E3,8,14,923.2576687116565,1993.6717791411043,5,0.5,0.6,254,0,False,0.0,0.0,0.0,0.0,0.0,0.0
E3_141plate5.tif,E3,8,14,923.2576687116565,1993.6717791411043,6,0.6,0.7,311,0,False,0.0,0.0,0.0,0.0,0.0,0.0
E3_141plate5.tif,E3,8,14,923.2576687116565,1993.6717791411043,7,0.7,0.8,371,0,False,0.0,0.0,0.0,0.0,0.0,0.0
E3_141plate5.tif,E3,8,14,923.2576687116565,1993.6717791411043,8,0.8,0.9,437,0,False,0.0,0.0,0.0,0.0,0.0,0.0
E3_141plate5.tif,E3,8,14,923.2576687116565,1993.6717791411043,9,0.9,1.0,582,0,False,0.0,0.0,0.0,0.0,0.0,0.0
E3_141plate5.tif,E3,8,15,955.0116279069767,1687.6821705426357,0,0.0,0.1,16,0,False,0.0,0.0,0.0,0.0,0.0,0.0
E3_141plate5.tif,E3,8,15,955.0116279069767,1687.6821705426357,1,0.1,0.2,70,0,False,0.0,0.0,0.0,0.0,0.0,0.0
E3_141plate5.tif,E3,8,15,955.0116279069767,1687.6821705426357,2,0.2,0.3,137,13,True,0.0948905109489051,0.030878859857482184,34792.0,2676.3076923076924,0.02749864451094113,0.02749864451094113
E3_141plate5.tif,E3,8,15,955.0116279069767,1687.6821705426357,3,0.3,0.4,203,113,True,0.5566502463054187,0.2684085510688836,372066.0,3292.619469026549,0.29407078261116987,0.321569427122111
E3_141plate5.tif,E3,8,15,955.0116279069767,1687.6821705426357,4,0.4,0.5,271,176,True,0.6494464944649446,0.4180522565320665,521883.0,2965.244318181818,0.4124820387820042,0.7340514659041152
E3_141plate5.tif,E3,8,15,955.0116279069767,1687.6821705426357,5,0.5,0.6,363,88,True,0.24242424242424243,0.20902612826603326,250052.0,2841.5,0.1976342566466386,0.9316857225507538
E3_141plate5.tif,E3,8,15,955.0116279069767,1687.6821705426357,6,0.6,0.7,475,27,True,0.056842105263157895,0.06413301662707839,78048.0,2890.6666666666665,0.06168700295441289,0.9933727255051666
E3_141plate5.tif,E3,8,15,955.0116279069767,1687.6821705426357,7,0.7,0.8,605,4,True,0.006611570247933884,0.009501187648456057,8385.0,2096.25,0.006627274494833334,1.0
E3_141plate5.tif,E3,8,15,955.0116279069767,1687.6821705426357,8,0.8,0.9,711,0,False,0.0,0.0,0.0,0.0,0.0,1.0
E3_141plate5.tif,E3,8,15,955.0116279069767,1687.6821705426357,9,0.9,1.0,958,0,False,0.0,0.0,0.0,0.0,0.0,1.0
E3_141plate5.tif,E3,8,16,1052.8669950738915,1181.3251231527095,0,0.0,0.1,5,0,False,0.0,0.0,0.0,0.0,0.0,0.0
E3_141plate5.tif,E3,8,16,1052.8669950738915,1181.3251231527095,1,0.1,0.2,23,0,False,0.0,0.0,0.0,0.0,0.0,0.0
E3_141plate5.tif,E3,8,16,1052.8669950738915,1181.3251231527095,2,0.2,0.3,67,0,False,0.0,0.0,0.0,0.0,0.0,0.0
E3_141plate5.tif,E3,8,16,1052.8669950738915,1181.3251231527095,3,0.3,0.4,112,0,False,0.0,0.0,0.0,0.0,0.0,0.0
E3_141plate5.tif,E3,8,16,1052.8669950738915,1181.3251231527095,4,0.4,0.5,169,0,False,0.0,0.0,0.0,0.0,0.0,0.0
E3_141plate5.tif,E3,8,16,1052.8669950738915,1181.3251231527095,5,0.5,0.6,216,0,False,0.0,0.0,0.0,0.0,0.0,0.0
E3_141plate5.tif,E3,8,16,1052.8669950738915,1181.3251231527095,6,0.6,0.7,286,0,False,0.0,0.0,0.0,0.0,0.0,0.0
E3_141plate5.tif,E3,8,16,1052.8669950738915,1181.3251231527095,7,0.7,0.8,341,0,False,0.0,0.0,0.0,0.0,0.0,0.0
E3_141plate5.tif,E3,8,16,1052.8669950738915,1181.3251231527095,8,0.8,0.9,422,0,False,0.0,0.0,0.0,0.0,0.0,0.0
E3_141plate5.tif,E3,8,16,1052.8669950738915,1181.3251231527095,9,0.9,1.0,588,0,False,0.0,0.0,0.0,0.0,0.0,0.0
E3_141plate5.tif,E3,8,17,1180.7209302325582,2168.851162790698,0,0.0,0.1,7,0,False,0.0,0.0,0.0,0.0,0.0,0.0
E3_141plate5.tif,E3,8,17,1180.7209302325582,2168.851162790698,1,0.1,0.2,20,0,False,0.0,0.0,0.0,0.0,0.0,0.0
E3_141plate5.tif,E3,8,17,1180.7209302325582,2168.851162790698,2,0.2,0.3,39,1,True,0.02564102564102564,0.011764705882352941,3249.0,3249.0,0.012988414765776786,0.012988414765776786
E3_141plate5.tif,E3,8,17,1180.7209302325582,2168.851162790698,3,0.3,0.4,60,10,True,0.16666666666666666,0.11764705882352941,29246.0,2924.6,0.11691572121880822,0.129904135984585
E3_141plate5.tif,E3,8,17,1180.7209302325582,2168.851162790698,4,0.4,0.5,78,17,True,0.21794871794871795,0.2,46552.0,2738.3529411764707,0.186099317998289,0.316003453982874
E3_141plate5.tif,E3,8,17,1180.7209302325582,2168.851162790698,5,0.5,0.6,97,28,True,0.28865979381443296,0.32941176470588235,86044.0,3073.0,0.343975118530778,0.659978572513652
E3_141plate5.tif,E3,8,17,1180.7209302325582,2168.851162790698,6,0.6,0.7,129,25,True,0.1937984496124031,0.29411764705882354,77382.0,3095.28,0.3093473411527668,0.9693259136664187
E3_141plate5.tif,E3,8,17,1180.7209302325582,2168.851162790698,7,0.7,0.8,142,4,True,0.028169014084507043,0.047058823529411764,7673.0,1918.25,0.03067408633358119,0.9999999999999999
E3_141plate5.tif,E3,8,17,1180.7209302325582,2168.851162790698,8,0.8,0.9,160,0,False,0.0,0.0,0.0,0.0,0.0,0.9999999999999999
E3_141plate5.tif,E3,8,17,1180.7209302325582,2168.851162790698,9,0.9,1.0,266,0,False,0.0,0.0,0.0,0.0,0.0,0.9999999999999999
E3_141plate5.tif,E3,8,18,1265.150709219858,1736.2304964539007,0,0.0,0.1,50,0,False,0.0,0.0,0.0,0.0,0.0,0.0
E3_141plate5.tif,E3,8,18,1265.150709219858,1736.2304964539007,1,0.1,0.2,166,0,False,0.0,0.0,0.0,0.0,0.0,0.0
E3_141plate5.tif,E3,8,18,1265.150709219858,1736.2304964539007,2,0.2,0.3,339,0,False,0.0,0.0,0.0,0.0,0.0,0.0
E3_141plate5.tif,E3,8,18,1265.150709219858,1736.2304964539007,3,0.3,0.4,535,0,False,0.0,0.0,0.0,0.0,0.0,0.0
E3_141plate5.tif,E3,8,18,1265.150709219858,1736.2304964539007,4,0.4,0.5,783,0,False,0.0,0.0,0.0,0.0,0.0,0.0
E3_141plate5.tif,E3,8,18,1265.150709219858,1736.2304964539007,5,0.5,0.6,1050,0,False,0.0,0.0,0.0,0.0,0.0,0.0
E3_141plate5.tif,E3,8,18,1265.150709219858,1736.2304964539007,6,0.6,0.7,1377,0,False,0.0,0.0,0.0,0.0,0.0,0.0
E3_141plate5.tif,E3,8,18,1265.150709219858,1736.2304964539007,7,0.7,0.8,1719,0,False,0.0,0.0,0.0,0.0,0.0,0.0
E3_141plate5.tif,E3,8,18,1265.150709219858,1736.2304964539007,8,0.8,0.9,2021,0,False,0.0,0.0,0.0,0.0,0.0,0.0
E3_141plate5.tif,E3,8,18,1265.150709219858,1736.2304964539007,9,0.9,1.0,2574,0,False,0.0,0.0,0.0,0.0,0.0,0.0
E3_141plate5.tif,E3,8,19,1271.6009557945042,1314.0537634408602,0,0.0,0.1,70,0,False,0.0,0.0,0.0,0.0,0.0,0.0
E3_141plate5.tif,E3,8,19,1271.6009557945042,1314.0537634408602,1,0.1,0.2,298,0,False,0.0,0.0,0.0,0.0,0.0,0.0
E3_141plate5.tif,E3,8,19,1271.6009557945042,1314.0537634408602,2,0.2,0.3,561,0,False,0.0,0.0,0.0,0.0,0.0,0.0
E3_141plate5.tif,E3,8,19,1271.6009557945042,1314.0537634408602,3,0.3,0.4,821,0,False,0.0,0.0,0.0,0.0,0.0,0.0
E3_141plate5.tif,E3,8,19,1271.6009557945042,1314.0537634408602,4,0.4,0.5,1125,0,False,0.0,0.0,0.0,0.0,0.0,0.0
E3_141plate5.tif,E3,8,19,1271.6009557945042,1314.0537634408602,5,0.5,0.6,1416,0,False,0.0,0.0,0.0,0.0,0.0,0.0
E3_141plate5.tif,E3,8,19,1271.6009557945042,1314.0537634408602,6,0.6,0.7,1737,0,False,0.0,0.0,0.0,0.0,0.0,0.0
E3_141plate5.tif,E3,8,19,1271.6009557945042,1314.0537634408602,7,0.7,0.8,2061,0,False,0.0,0.0,0.0,0.0,0.0,0.0
E3_141plate5.tif,E3,8,19,1271.6009557945042,1314.0537634408602,8,0.8,0.9,2430,0,False,0.0,0.0,0.0,0.0,0.0,0.0
E3_141plate5.tif,E3,8,19,1271.6009557945042,1314.0537634408602,9,0.9,1.0,3068,0,False,0.0,0.0,0.0,0.0,0.0,0.0
E3_141plate5.tif,E3,8,20,1313.129963898917,1180.2563176895308,0,0.0,0.1,1,0,False,0.0,0.0,0.0,0.0,0.0,0.0
E3_141plate5.tif,E3,8,20,1313.129963898917,1180.2563176895308,1,0.1,0.2,7,0,False,0.0,0.0,0.0,0.0,0.0,0.0
E3_141plate5.tif,E3,8,20,1313.129963898917,1180.2563176895308,2,0.2,0.3,18,0,False,0.0,0.0,0.0,0.0,0.0,0.0
E3_141plate5.tif,E3,8,20,1313.129963898917,1180.2563176895308,3,0.3,0.4,61,0,False,0.0,0.0,0.0,0.0,0.0,0.0
E3_141plate5.tif,E3,8,20,1313.129963898917,1180.2563176895308,4,0.4,0.5,82,5,True,0.06097560975609756,0.625,9010.0,1802.0,0.6407794609202759,0.6407794609202759
E3_141plate5.tif,E3,8,20,1313.129963898917,1180.2563176895308,5,0.5,0.6,106,3,True,0.02830188679245283,0.375,5051.0,1683.6666666666667,0.35922053907972407,1.0
E3_141plate5.tif,E3,8,20,1313.129963898917,1180.2563176895308,6,0.6,0.7,122,0,False,0.0,0.0,0.0,0.0,0.0,1.0
E3_141plate5.tif,E3,8,20,1313.129963898917,1180.2563176895308,7,0.7,0.8,148,0,False,0.0,0.0,0.0,0.0,0.0,1.0
E3_141plate5.tif,E3,8,20,1313.129963898917,1180.2563176895308,8,0.8,0.9,181,0,False,0.0,0.0,0.0,0.0,0.0,1.0
E3_141plate5.tif,E3,8,20,1313.129963898917,1180.2563176895308,9,0.9,1.0,270,0,False,0.0,0.0,0.0,0.0,0.0,1.0
E3_141plate5.tif,E3,8,21,1334.169213973799,1200.1528384279477,0,0.0,0.1,14,0,False,0.0,0.0,0.0,0.0,0.0,0.0
E3_141plate5.tif,E3,8,21,1334.169213973799,1200.1528384279477,1,0.1,0.2,53,0,False,0.0,0.0,0.0,0.0,0.0,0.0
E3_141plate5.tif,E3,8,21,1334.169213973799,1200.1528384279477,2,0.2,0.3,108,0,False,0.0,0.0,0.0,0.0,0.0,0.0
E3_141plate5.tif,E3,8,21,1334.169213973799,1200.1528384279477,3,0.3,0.4,179,0,False,0.0,0.0,0.0,0.0,0.0,0.0
E3_141plate5.tif,E3,8,21,1334.169213973799,1200.1528384279477,4,0.4,0.5,270,0,False,0.0,0.0,0.0,0.0,0.0,0.0
E3_141plate5.tif,E3,8,21,1334.169213973799,1200.1528384279477,5,0.5,0.6,355,0,False,0.0,0.0,0.0,0.0,0.0,0.0
E3_141plate5.tif,E3,8,21,1334.169213973799,1200.1528384279477,6,0.6,0.7,432,0,False,0.0,0.0,0.0,0.0,0.0,0.0
E3_141plate5.tif,E3,8,21,1334.169213973799,1200.1528384279477,7,0.7,0.8,526,0,False,0.0,0.0,0.0,0.0,0.0,0.0
E3_141plate5.tif,E3,8,21,1334.169213973799,1200.1528384279477,8,0.8,0.9,631,0,False,0.0,0.0,0.0,0.0,0.0,0.0
E3_141plate5.tif,E3,8,21,1334.169213973799,1200.1528384279477,9,0.9,1.0,843,0,False,0.0,0.0,0.0,0.0,0.0,0.0
E3_141plate5.tif,E3,8,22,1361.4731543624162,1561.1744966442952,0,0.0,0.1,22,0,False,0.0,0.0,0.0,0.0,0.0,0.0
E3_141plate5.tif,E3,8,22,1361.4731543624162,1561.1744966442952,1,0.1,0.2,95,0,False,0.0,0.0,0.0,0.0,0.0,0.0
E3_141plate5.tif,E3,8,22,1361.4731543624162,1561.1744966442952,2,0.2,0.3,186,12,True,0.06451612903225806,0.08,26677.0,2223.0833333333335,0.08322881763101901,0.08322881763101901
E3_141plate5.tif,E3,8,22,1361.4731543624162,1561.1744966442952,3,0.3,0.4,329,63,True,0.19148936170212766,0.42,136381.0,2164.777777777778,0.4254912238008773,0.5087200414318963
E3_141plate5.tif,E3,8,22,1361.4731543624162,1561.1744966442952,4,0.4,0.5,469,57,True,0.12153518123667377,0.38,121853.0,2137.7719298245615,0.3801657275852817,0.8888857690171781
E3_141plate5.tif,E3,8,22,1361.4731543624162,1561.1744966442952,5,0.5,0.6,598,12,True,0.020066889632107024,0.08,25601.0,2133.4166666666665,0.07987183567011724,0.9687576046872953
E3_141plate5.tif,E3,8,22,1361.4731543624162,1561.1744966442952,6,0.6,0.7,741,2,True,0.002699055330634278,0.013333333333333334,3632.0,1816.0,0.011331374053898904,0.9800889787411943
E3_141plate5.tif,E3,8,22,1361.4731543624162,1561.1744966442952,7,0.7,0.8,899,1,True,0.0011123470522803114,0.006666666666666667,1644.0,1644.0,0.005129069092678909,0.9852180478338732
E3_141plate5.tif,E3,8,22,1361.4731543624162,1561.1744966442952,8,0.8,0.9,1026,3,True,0.0029239766081871343,0.02,4738.0,1579.3333333333333,0.01478195216612693,1.0000000000000002
E3_141plate5.tif,E3,8,22,1361.4731543624162,1561.1744966442952,9,0.9,1.0,1354,0,False,0.0,0.0,0.0,0.0,0.0,1.0000000000000002
E3_141plate5.tif,E3,8,23,1327.0538922155688,1174.5389221556886,0,0.0,0.1,1,0,False,0.0,0.0,0.0,0.0,0.0,0.0
E3_141plate5.tif,E3,8,23,1327.0538922155688,1174.5389221556886,1,0.1,0.2,3,0,False,0.0,0.0,0.0,0.0,0.0,0.0
E3_141plate5.tif,E3,8,23,1327.0538922155688,1174.5389221556886,2,0.2,0.3,9,0,False,0.0,0.0,0.0,0.0,0.0,0.0
E3_141plate5.tif,E3,8,23,1327.0538922155688,1174.5389221556886,3,0.3,0.4,20,0,False,0.0,0.0,0.0,0.0,0.0,0.0
E3_141plate5.tif,E3,8,23,1327.0538922155688,1174.5389221556886,4,0.4,0.5,46,0,False,0.0,0.0,0.0,0.0,0.0,0.0
E3_141plate5.tif,E3,8,23,1327.0538922155688,1174.5389221556886,5,0.5,0.6,78,0,False,0.0,0.0,0.0,0.0,0.0,0.0
E3_141plate5.tif,E3,8,23,1327.0538922155688,1174.5389221556886,6,0.6,0.7,95,0,False,0.0,0.0,0.0,0.0,0.0,0.0
E3_141plate5.tif,E3,8,23,1327.0538922155688,1174.5389221556886,7,0.7,0.8,127,0,False,0.0,0.0,0.0,0.0,0.0,0.0
E3_141plate5.tif,E3,8,23,1327.0538922155688,1174.5389221556886,8,0.8,0.9,160,0,False,0.0,0.0,0.0,0.0,0.0,0.0
E3_141plate5.tif,E3,8,23,1327.0538922155688,1174.5389221556886,9,0.9,1.0,224,0,False,0.0,0.0,0.0,0.0,0.0,0.0
E3_141plate5.tif,E3,8,24,1367.5172413793102,1383.1576354679803,0,0.0,0.1,7,0,False,0.0,0.0,0.0,0.0,0.0,0.0
E3_141plate5.tif,E3,8,24,1367.5172413793102,1383.1576354679803,1,0.1,0.2,30,0,False,0.0,0.0,0.0,0.0,0.0,0.0
E3_141plate5.tif,E3,8,24,1367.5172413793102,1383.1576354679803,2,0.2,0.3,90,0,False,0.0,0.0,0.0,0.0,0.0,0.0
E3_141plate5.tif,E3,8,24,1367.5172413793102,1383.1576354679803,3,0.3,0.4,151,2,True,0.013245033112582781,1.0,3686.0,1843.0,1.0,1.0
E3_141plate5.tif,E3,8,24,1367.5172413793102,1383.1576354679803,4,0.4,0.5,247,0,False,0.0,0.0,0.0,0.0,0.0,1.0
E3_141plate5.tif,E3,8,24,1367.5172413793102,1383.1576354679803,5,0.5,0.6,359,0,False,0.0,0.0,0.0,0.0,0.0,1.0
E3_141plate5.tif,E3,8,24,1367.5172413793102,1383.1576354679803,6,0.6,0.7,455,0,False,0.0,0.0,0.0,0.0,0.0,1.0
E3_141plate5.tif,E3,8,24,1367.5172413793102,1383.1576354679803,7,0.7,0.8,546,0,False,0.0,0.0,0.0,0.0,0.0,1.0
E3_141plate5.tif,E3,8,24,1367.5172413793102,1383.1576354679803,8,0.8,0.9,675,0,False,0.0,0.0,0.0,0.0,0.0,1.0
E3_141plate5.tif,E3,8,24,1367.5172413793102,1383.1576354679803,9,0.9,1.0,927,0,False,0.0,0.0,0.0,0.0,0.0,1.0
E3_141plate5.tif,E3,8,25,1415.1166666666666,1184.3805555555555,0,0.0,0.1,17,0,False,0.0,0.0,0.0,0.0,0.0,0.0
E3_141plate5.tif,E3,8,25,1415.1166666666666,1184.3805555555555,1,0.1,0.2,52,0,False,0.0,0.0,0.0,0.0,0.0,0.0
E3_141plate5.tif,E3,8,25,1415.1166666666666,1184.3805555555555,2,0.2,0.3,101,0,False,0.0,0.0,0.0,0.0,0.0,0.0
E3_141plate5.tif,E3,8,25,1415.1166666666666,1184.3805555555555,3,0.3,0.4,143,0,False,0.0,0.0,0.0,0.0,0.0,0.0
E3_141plate5.tif,E3,8,25,1415.1166666666666,1184.3805555555555,4,0.4,0.5,192,0,False,0.0,0.0,0.0,0.0,0.0,0.0
E3_141plate5.tif,E3,8,25,1415.1166666666666,1184.3805555555555,5,0.5,0.6,243,0,False,0.0,0.0,0.0,0.0,0.0,0.0
E3_141plate5.tif,E3,8,25,1415.1166666666666,1184.3805555555555,6,0.6,0.7,300,0,False,0.0,0.0,0.0,0.0,0.0,0.0
E3_141plate5.tif,E3,8,25,1415.1166666666666,1184.3805555555555,7,0.7,0.8,361,0,False,0.0,0.0,0.0,0.0,0.0,0.0
E3_141plate5.tif,E3,8,25,1415.1166666666666,1184.3805555555555,8,0.8,0.9,406,0,False,0.0,0.0,0.0,0.0,0.0,0.0
E3_141plate5.tif,E3,8,25,1415.1166666666666,1184.3805555555555,9,0.9,1.0,574,0,False,0.0,0.0,0.0,0.0,0.0,0.0
E3_141plate5.tif,E3,8,26,1527.2197183098592,1508.6028169014085,0,0.0,0.1,43,0,False,0.0,0.0,0.0,0.0,0.0,0.0
E3_141plate5.tif,E3,8,26,1527.2197183098592,1508.6028169014085,1,0.1,0.2,172,0,False,0.0,0.0,0.0,0.0,0.0,0.0
E3_141plate5.tif,E3,8,26,1527.2197183098592,1508.6028169014085,2,0.2,0.3,303,56,True,0.1848184818481848,0.27586206896551724,163109.0,2912.660714285714,0.2677745892488935,0.2677745892488935
E3_141plate5.tif,E3,8,26,1527.2197183098592,1508.6028169014085,3,0.3,0.4,448,113,True,0.25223214285714285,0.5566502463054187,363490.0,3216.7256637168143,0.5967382881758843,0.8645128774247778
E3_141plate5.tif,E3,8,26,1527.2197183098592,1508.6028169014085,4,0.4,0.5,610,12,True,0.019672131147540985,0.059113300492610835,26143.0,2178.5833333333335,0.04291872972511525,0.907431607149893
E3_141plate5.tif,E3,8,26,1527.2197183098592,1508.6028169014085,5,0.5,0.6,766,22,True,0.028720626631853787,0.10837438423645321,56386.0,2563.0,0.09256839285010704,1.0
E3_141plate5.tif,E3,8,26,1527.2197183098592,1508.6028169014085,6,0.6,0.7,945,0,False,0.0,0.0,0.0,0.0,0.0,1.0
E3_141plate5.tif,E3,8,26,1527.2197183098592,1508.6028169014085,7,0.7,0.8,1140,0,False,0.0,0.0,0.0,0.0,0.0,1.0
E3_141plate5.tif,E3,8,26,1527.2197183098592,1508.6028169014085,8,0.8,0.9,1360,0,False,0.0,0.0,0.0,0.0,0.0,1.0
E3_141plate5.tif,E3,8,26,1527.2197183098592,1508.6028169014085,9,0.9,1.0,1802,0,False,0.0,0.0,0.0,0.0,0.0,1.0
E3_141plate5.tif,E3,8,27,1592.793690851735,1065.2977917981073,0,0.0,0.1,42,0,False,0.0,0.0,0.0,0.0,0.0,0.0
E3_141plate5.tif,E3,8,27,1592.793690851735,1065.2977917981073,1,0.1,0.2,194,0,False,0.0,0.0,0.0,0.0,0.0,0.0
E3_141plate5.tif,E3,8,27,1592.793690851735,1065.2977917981073,2,0.2,0.3,648,0,False,0.0,0.0,0.0,0.0,0.0,0.0
E3_141plate5.tif,E3,8,27,1592.793690851735,1065.2977917981073,3,0.3,0.4,1376,0,False,0.0,0.0,0.0,0.0,0.0,0.0
E3_141plate5.tif,E3,8,27,1592.793690851735,1065.2977917981073,4,0.4,0.5,1830,0,False,0.0,0.0,0.0,0.0,0.0,0.0
E3_141plate5.tif,E3,8,27,1592.793690851735,1065.2977917981073,5,0.5,0.6,2473,0,False,0.0,0.0,0.0,0.0,0.0,0.0
E3_141plate5.tif,E3,8,27,1592.793690851735,1065.2977917981073,6,0.6,0.7,3653,0,False,0.0,0.0,0.0,0.0,0.0,0.0
E3_141plate5.tif,E3,8,27,1592.793690851735,1065.2977917981073,7,0.7,0.8,4864,0,False,0.0,0.0,0.0,0.0,0.0,0.0
E3_141plate5.tif,E3,8,27,1592.793690851735,1065.2977917981073,8,0.8,0.9,5863,0,False,0.0,0.0,0.0,0.0,0.0,0.0
E3_141plate5.tif,E3,8,27,1592.793690851735,1065.2977917981073,9,0.9,1.0,7766,0,False,0.0,0.0,0.0,0.0,0.0,0.0
E3_141plate5.tif,E3,8,28,1509.4478114478115,1438.7239057239058,0,0.0,0.1,18,0,False,0.0,0.0,0.0,0.0,0.0,0.0
E3_141plate5.tif,E3,8,28,1509.4478114478115,1438.7239057239058,1,0.1,0.2,74,0,False,0.0,0.0,0.0,0.0,0.0,0.0
E3_141plate5.tif,E3,8,28,1509.4478114478115,1438.7239057239058,2,0.2,0.3,130,1,True,0.007692307692307693,0.05555555555555555,1716.0,1716.0,0.05786935554581324,0.05786935554581324
E3_141plate5.tif,E3,8,28,1509.4478114478115,1438.7239057239058,3,0.3,0.4,194,4,True,0.020618556701030927,0.2222222222222222,6336.0,1584.0,0.21367146663069503,0.27154082217650827
E3_141plate5.tif,E3,8,28,1509.4478114478115,1438.7239057239058,4,0.4,0.5,252,8,True,0.031746031746031744,0.4444444444444444,13842.0,1730.25,0.46679931204262637,0.7383401342191347
E3_141plate5.tif,E3,8,28,1509.4478114478115,1438.7239057239058,5,0.5,0.6,322,5,True,0.015527950310559006,0.2777777777777778,7759.0,1551.8,0.26165986578086536,1.0
E3_141plate5.tif,E3,8,28,1509.4478114478115,1438.7239057239058,6,0.6,0.7,379,0,False,0.0,0.0,0.0,0.0,0.0,1.0
E3_141plate5.tif,E3,8,28,1509.4478114478115,1438.7239057239058,7,0.7,0.8,458,0,False,0.0,0.0,0.0,0.0,0.0,1.0
E3_141plate5.tif,E3,8,28,1509.4478114478115,1438.7239057239058,8,0.8,0.9,538,0,False,0.0,0.0,0.0,0.0,0.0,1.0
E3_141plate5.tif,E3,8,28,1509.4478114478115,1438.7239057239058,9,0.9,1.0,735,0,False,0.0,0.0,0.0,0.0,0.0,1.0
E3_141plate5.tif,E3,8,29,1514.0033222591362,969.7906976744187,0,0.0,0.1,12,0,False,0.0,0.0,0.0,0.0,0.0,0.0
E3_141plate5.tif,E3,8,29,1514.0033222591362,969.7906976744187,1,0.1,0.2,49,0,False,0.0,0.0,0.0,0.0,0.0,0.0
E3_141plate5.tif,E3,8,29,1514.0033222591362,969.7906976744187,2,0.2,0.3,103,0,False,0.0,0.0,0.0,0.0,0.0,0.0
E3_141plate5.tif,E3,8,29,1514.0033222591362,969.7906976744187,3,0.3,0.4,175,21,True,0.12,0.25609756097560976,40316.0,1919.8095238095239,0.2581446573097019,0.2581446573097019
E3_141plate5.tif,E3,8,29,1514.0033222591362,969.7906976744187,4,0.4,0.5,270,4,True,0.014814814814814815,0.04878048780487805,7089.0,1772.25,0.04539109722364512,0.303535754533347
E3_141plate5.tif,E3,8,29,1514.0033222591362,969.7906976744187,5,0.5,0.6,367,8,True,0.021798365122615803,0.0975609756097561,12970.0,1621.25,0.08304733121606393,0.38658308574941097
E3_141plate5.tif,E3,8,29,1514.0033222591362,969.7906976744187,6,0.6,0.7,462,11,True,0.023809523809523808,0.13414634146341464,20194.0,1835.8181818181818,0.12930283782399343,0.5158859235734043
E3_141plate5.tif,E3,8,29,1514.0033222591362,969.7906976744187,7,0.7,0.8,552,23,True,0.041666666666666664,0.2804878048780488,46760.0,2033.0434782608695,0.2994057985862104,0.8152917221596148
E3_141plate5.tif,E3,8,29,1514.0033222591362,969.7906976744187,8,0.8,0.9,671,14,True,0.020864381520119227,0.17073170731707318,27081.0,1934.357142857143,0.17340052248745005,0.9886922446470648
E3_141plate5.tif,E3,8,29,1514.0033222591362,969.7906976744187,9,0.9,1.0,962,1,True,0.0010395010395010396,0.012195121951219513,1766.0,1766.0,0.01130775535293515,1.0
E3_141plate5.tif,E3,8,30,1522.5310734463276,999.8305084745763,0,0.0,0.1,3,0,False,0.0,0.0,0.0,0.0,0.0,0.0
E3_141plate5.tif,E3,8,30,1522.5310734463276,999.8305084745763,1,0.1,0.2,13,0,False,0.0,0.0,0.0,0.0,0.0,0.0
E3_141plate5.tif,E3,8,30,1522.5310734463276,999.8305084745763,2,0.2,0.3,22,0,False,0.0,0.0,0.0,0.0,0.0,0.0
E3_141plate5.tif,E3,8,30,1522.5310734463276,999.8305084745763,3,0.3,0.4,45,0,False,0.0,0.0,0.0,0.0,0.0,0.0
E3_141plate5.tif,E3,8,30,1522.5310734463276,999.8305084745763,4,0.4,0.5,67,0,False,0.0,0.0,0.0,0.0,0.0,0.0
E3_141plate5.tif,E3,8,30,1522.5310734463276,999.8305084745763,5,0.5,0.6,88,0,False,0.0,0.0,0.0,0.0,0.0,0.0
E3_141plate5.tif,E3,8,30,1522.5310734463276,999.8305084745763,6,0.6,0.7,132,0,False,0.0,0.0,0.0,0.0,0.0,0.0
E3_141plate5.tif,E3,8,30,1522.5310734463276,999.8305084745763,7,0.7,0.8,164,0,False,0.0,0.0,0.0,0.0,0.0,0.0
E3_141plate5.tif,E3,8,30,1522.5310734463276,999.8305084745763,8,0.8,0.9,200,0,False,0.0,0.0,0.0,0.0,0.0,0.0
E3_141plate5.tif,E3,8,30,1522.5310734463276,999.8305084745763,9,0.9,1.0,292,0,False,0.0,0.0,0.0,0.0,0.0,0.0
E3_141plate5.tif,E3,8,31,1556.9153225806451,2135.0806451612902,0,0.0,0.1,10,0,False,0.0,0.0,0.0,0.0,0.0,0.0
E3_141plate5.tif,E3,8,31,1556.9153225806451,2135.0806451612902,1,0.1,0.2,43,0,False,0.0,0.0,0.0,0.0,0.0,0.0
E3_141plate5.tif,E3,8,31,1556.9153225806451,2135.0806451612902,2,0.2,0.3,87,0,False,0.0,0.0,0.0,0.0,0.0,0.0
E3_141plate5.tif,E3,8,31,1556.9153225806451,2135.0806451612902,3,0.3,0.4,134,0,False,0.0,0.0,0.0,0.0,0.0,0.0
E3_141plate5.tif,E3,8,31,1556.9153225806451,2135.0806451612902,4,0.4,0.5,186,0,False,0.0,0.0,0.0,0.0,0.0,0.0
E3_141plate5.tif,E3,8,31,1556.9153225806451,2135.0806451612902,5,0.5,0.6,249,0,False,0.0,0.0,0.0,0.0,0.0,0.0
E3_141plate5.tif,E3,8,31,1556.9153225806451,2135.0806451612902,6,0.6,0.7,348,0,False,0.0,0.0,0.0,0.0,0.0,0.0
E3_141plate5.tif,E3,8,31,1556.9153225806451,2135.0806451612902,7,0.7,0.8,427,0,False,0.0,0.0,0.0,0.0,0.0,0.0
E3_141plate5.tif,E3,8,31,1556.9153225806451,2135.0806451612902,8,0.8,0.9,523,0,False,0.0,0.0,0.0,0.0,0.0,0.0
E3_141plate5.tif,E3,8,31,1556.9153225806451,2135.0806451612902,9,0.9,1.0,715,0,False,0.0,0.0,0.0,0.0,0.0,0.0
E3_141plate5.tif,E3,8,32,1565.2443609022557,911.4887218045113,0,0.0,0.1,17,0,False,0.0,0.0,0.0,0.0,0.0,0.0
E3_141plate5.tif,E3,8,32,1565.2443609022557,911.4887218045113,1,0.1,0.2,65,0,False,0.0,0.0,0.0,0.0,0.0,0.0
E3_141plate5.tif,E3,8,32,1565.2443609022557,911.4887218045113,2,0.2,0.3,115,0,False,0.0,0.0,0.0,0.0,0.0,0.0
E3_141plate5.tif,E3,8,32,1565.2443609022557,911.4887218045113,3,0.3,0.4,165,0,False,0.0,0.0,0.0,0.0,0.0,0.0
E3_141plate5.tif,E3,8,32,1565.2443609022557,911.4887218045113,4,0.4,0.5,227,0,False,0.0,0.0,0.0,0.0,0.0,0.0
E3_141plate5.tif,E3,8,32,1565.2443609022557,911.4887218045113,5,0.5,0.6,288,0,False,0.0,0.0,0.0,0.0,0.0,0.0
E3_141plate5.tif,E3,8,32,1565.2443609022557,911.4887218045113,6,0.6,0.7,351,0,False,0.0,0.0,0.0,0.0,0.0,0.0
E3_141plate5.tif,E3,8,32,1565.2443609022557,911.4887218045113,7,0.7,0.8,426,0,False,0.0,0.0,0.0,0.0,0.0,0.0
E3_141plate5.tif,E3,8,32,1565.2443609022557,911.4887218045113,8,0.8,0.9,495,0,False,0.0,0.0,0.0,0.0,0.0,0.0
E3_141plate5.tif,E3,8,32,1565.2443609022557,911.4887218045113,9,0.9,1.0,667,0,False,0.0,0.0,0.0,0.0,0.0,0.0
E3_141plate5.tif,E3,8,33,1757.401114206128,1895.108635097493,0,0.0,0.1,12,0,False,0.0,0.0,0.0,0.0,0.0,0.0
E3_141plate5.tif,E3,8,33,1757.401114206128,1895.108635097493,1,0.1,0.2,51,0,False,0.0,0.0,0.0,0.0,0.0,0.0
E3_141plate5.tif,E3,8,33,1757.401114206128,1895.108635097493,2,0.2,0.3,166,0,False,0.0,0.0,0.0,0.0,0.0,0.0
E3_141plate5.tif,E3,8,33,1757.401114206128,1895.108635097493,3,0.3,0.4,347,0,False,0.0,0.0,0.0,0.0,0.0,0.0
E3_141plate5.tif,E3,8,33,1757.401114206128,1895.108635097493,4,0.4,0.5,543,0,False,0.0,0.0,0.0,0.0,0.0,0.0
E3_141plate5.tif,E3,8,33,1757.401114206128,1895.108635097493,5,0.5,0.6,716,0,False,0.0,0.0,0.0,0.0,0.0,0.0
E3_141plate5.tif,E3,8,33,1757.401114206128,1895.108635097493,6,0.6,0.7,911,0,False,0.0,0.0,0.0,0.0,0.0,0.0
E3_141plate5.tif,E3,8,33,1757.401114206128,1895.108635097493,7,0.7,0.8,1115,0,False,0.0,0.0,0.0,0.0,0.0,0.0
E3_141plate5.tif,E3,8,33,1757.401114206128,1895.108635097493,8,0.8,0.9,1341,5,True,0.0037285607755406414,0.625,9852.0,1970.4,0.5536075522589345,0.5536075522589345
E3_141plate5.tif,E3,8,33,1757.401114206128,1895.108635097493,9,0.9,1.0,1764,3,True,0.0017006802721088435,0.375,7944.0,2648.0,0.4463924477410654,1.0
E3_141plate5.tif,E3,8,34,1742.0485175202157,1848.2938005390836,0,0.0,0.1,27,9,True,0.3333333333333333,0.225,14749.0,1638.7777777777778,0.2229764460436005,0.2229764460436005
E3_141plate5.tif,E3,8,34,1742.0485175202157,1848.2938005390836,1,0.1,0.2,93,21,True,0.22580645161290322,0.525,34741.0,1654.3333333333333,0.5252169443352583,0.7481933903788589
E3_141plate5.tif,E3,8,34,1742.0485175202157,1848.2938005390836,2,0.2,0.3,165,9,True,0.05454545454545454,0.225,15160.0,1684.4444444444443,0.22918997369455446,0.9773833640734133
E3_141plate5.tif,E3,8,34,1742.0485175202157,1848.2938005390836,3,0.3,0.4,245,1,True,0.004081632653061225,0.025,1496.0,1496.0,0.02261663592658664,1.0
E3_141plate5.tif,E3,8,34,1742.0485175202157,1848.2938005390836,4,0.4,0.5,321,0,False,0.0,0.0,0.0,0.0,0.0,1.0
E3_141plate5.tif,E3,8,34,1742.0485175202157,1848.2938005390836,5,0.5,0.6,412,0,False,0.0,0.0,0.0,0.0,0.0,1.0
E3_141plate5.tif,E3,8,34,1742.0485175202157,1848.2938005390836,6,0.6,0.7,505,0,False,0.0,0.0,0.0,0.0,0.0,1.0
E3_141plate5.tif,E3,8,34,1742.0485175202157,1848.2938005390836,7,0.7,0.8,584,0,False,0.0,0.0,0.0,0.0,0.0,1.0
E3_141plate5.tif,E3,8,34,1742.0485175202157,1848.2938005390836,8,0.8,0.9,693,0,False,0.0,0.0,0.0,0.0,0.0,1.0
E3_141plate5.tif,E3,8,34,1742.0485175202157,1848.2938005390836,9,0.9,1.0,956,0,False,0.0,0.0,0.0,0.0,0.0,1.0
E3_141plate5.tif,E3,8,35,1921.7906976744187,630.0279069767441,0,0.0,0.1,5,0,False,0.0,0.0,0.0,0.0,0.0,0.0
E3_141plate5.tif,E3,8,35,1921.7906976744187,630.0279069767441,1,0.1,0.2,23,0,False,0.0,0.0,0.0,0.0,0.0,0.0
E3_141plate5.tif,E3,8,35,1921.7906976744187,630.0279069767441,2,0.2,0.3,62,4,True,0.06451612903225806,0.0380952380952381,14053.0,3513.25,0.04202879479372903,0.04202879479372903
E3_141plate5.tif,E3,8,35,1921.7906976744187,630.0279069767441,3,0.3,0.4,99,41,True,0.41414141414141414,0.3904761904761905,159482.0,3889.8048780487807,0.4769683520453635,0.5189971468390925
E3_141plate5.tif,E3,8,35,1921.7906976744187,630.0279069767441,4,0.4,0.5,152,57,True,0.375,0.5428571428571428,155685.0,2731.315789473684,0.4656125323747032,0.9846096792137957
E3_141plate5.tif,E3,8,35,1921.7906976744187,630.0279069767441,5,0.5,0.6,196,3,True,0.015306122448979591,0.02857142857142857,5146.0,1715.3333333333333,0.015390320786204338,1.0
E3_141plate5.tif,E3,8,35,1921.7906976744187,630.0279069767441,6,0.6,0.7,243,0,False,0.0,0.0,0.0,0.0,0.0,1.0
E3_141plate5.tif,E3,8,35,1921.7906976744187,630.0279069767441,7,0.7,0.8,303,0,False,0.0,0.0,0.0,0.0,0.0,1.0
E3_141plate5.tif,E3,8,35,1921.7906976744187,630.0279069767441,8,0.8,0.9,397,0,False,0.0,0.0,0.0,0.0,0.0,1.0
E3_141plate5.tif,E3,8,35,1921.7906976744187,630.0279069767441,9,0.9,1.0,580,0,False,0.0,0.0,0.0,0.0,0.0,1.0
E3_141plate5.tif,E3,8,36,1963.6495726495727,1372.4843304843305,0,0.0,0.1,9,0,False,0.0,0.0,0.0,0.0,0.0,0.0
E3_141plate5.tif,E3,8,36,1963.6495726495727,1372.4843304843305,1,0.1,0.2,44,0,False,0.0,0.0,0.0,0.0,0.0,0.0
E3_141plate5.tif,E3,8,36,1963.6495726495727,1372.4843304843305,2,0.2,0.3,92,0,False,0.0,0.0,0.0,0.0,0.0,0.0
E3_141plate5.tif,E3,8,36,1963.6495726495727,1372.4843304843305,3,0.3,0.4,149,0,False,0.0,0.0,0.0,0.0,0.0,0.0
E3_141plate5.tif,E3,8,36,1963.6495726495727,1372.4843304843305,4,0.4,0.5,203,0,False,0.0,0.0,0.0,0.0,0.0,0.0
E3_141plate5.tif,E3,8,36,1963.6495726495727,1372.4843304843305,5,0.5,0.6,267,1,True,0.003745318352059925,0.043478260869565216,1903.0,1903.0,0.04864022083631531,0.04864022083631531
E3_141plate5.tif,E3,8,36,1963.6495726495727,1372.4843304843305,6,0.6,0.7,357,15,True,0.04201680672268908,0.6521739130434783,25577.0,1705.1333333333334,0.6537419486760045,0.7023821695123198
E3_141plate5.tif,E3,8,36,1963.6495726495727,1372.4843304843305,7,0.7,0.8,622,7,True,0.011254019292604502,0.30434782608695654,11644.0,1663.4285714285713,0.2976178304876802,1.0
E3_141plate5.tif,E3,8,36,1963.6495726495727,1372.4843304843305,8,0.8,0.9,955,0,False,0.0,0.0,0.0,0.0,0.0,1.0
E3_141plate5.tif,E3,8,36,1963.6495726495727,1372.4843304843305,9,0.9,1.0,1690,0,False,0.0,0.0,0.0,0.0,0.0,1.0
E3_141plate5.tif,E3,8,37,2037.5348837209303,1365.8343023255813,0,0.0,0.1,16,0,False,0.0,0.0,0.0,0.0,0.0,0.0
E3_141plate5.tif,E3,8,37,2037.5348837209303,1365.8343023255813,1,0.1,0.2,82,0,False,0.0,0.0,0.0,0.0,0.0,0.0
E3_141plate5.tif,E3,8,37,2037.5348837209303,1365.8343023255813,2,0.2,0.3,255,0,False,0.0,0.0,0.0,0.0,0.0,0.0
E3_141plate5.tif,E3,8,37,2037.5348837209303,1365.8343023255813,3,0.3,0.4,394,0,False,0.0,0.0,0.0,0.0,0.0,0.0
E3_141plate5.tif,E3,8,37,2037.5348837209303,1365.8343023255813,4,0.4,0.5,537,0,False,0.0,0.0,0.0,0.0,0.0,0.0
E3_141plate5.tif,E3,8,37,2037.5348837209303,1365.8343023255813,5,0.5,0.6,702,0,False,0.0,0.0,0.0,0.0,0.0,0.0
E3_141plate5.tif,E3,8,37,2037.5348837209303,1365.8343023255813,6,0.6,0.7,886,0,False,0.0,0.0,0.0,0.0,0.0,0.0
E3_141plate5.tif,E3,8,37,2037.5348837209303,1365.8343023255813,7,0.7,0.8,1117,0,False,0.0,0.0,0.0,0.0,0.0,0.0
E3_141plate5.tif,E3,8,37,2037.5348837209303,1365.8343023255813,8,0.8,0.9,1414,0,False,0.0,0.0,0.0,0.0,0.0,0.0
E3_141plate5.tif,E3,8,37,2037.5348837209303,1365.8343023255813,9,0.9,1.0,2096,0,False,0.0,0.0,0.0,0.0,0.0,0.0
E3_141plate5.tif,E3,8,38,2018.1622641509434,2125.6,0,0.0,0.1,6,0,False,0.0,0.0,0.0,0.0,0.0,0.0
E3_141plate5.tif,E3,8,38,2018.1622641509434,2125.6,1,0.1,0.2,26,0,False,0.0,0.0,0.0,0.0,0.0,0.0
E3_141plate5.tif,E3,8,38,2018.1622641509434,2125.6,2,0.2,0.3,63,0,False,0.0,0.0,0.0,0.0,0.0,0.0
E3_141plate5.tif,E3,8,38,2018.1622641509434,2125.6,3,0.3,0.4,93,0,False,0.0,0.0,0.0,0.0,0.0,0.0
E3_141plate5.tif,E3,8,38,2018.1622641509434,2125.6,4,0.4,0.5,123,0,False,0.0,0.0,0.0,0.0,0.0,0.0
E3_141plate5.tif,E3,8,38,2018.1622641509434,2125.6,5,0.5,0.6,160,0,False,0.0,0.0,0.0,0.0,0.0,0.0
E3_141plate5.tif,E3,8,38,2018.1622641509434,2125.6,6,0.6,0.7,189,0,False,0.0,0.0,0.0,0.0,0.0,0.0
E3_141plate5.tif,E3,8,38,2018.1622641509434,2125.6,7,0.7,0.8,239,0,False,0.0,0.0,0.0,0.0,0.0,0.0
E3_141plate5.tif,E3,8,38,2018.1622641509434,2125.6,8,0.8,0.9,284,0,False,0.0,0.0,0.0,0.0,0.0,0.0
E3_141plate5.tif,E3,8,38,2018.1622641509434,2125.6,9,0.9,1.0,400,0,False,0.0,0.0,0.0,0.0,0.0,0.0
E3_141plate5.tif,E3,8,39,2208.711743772242,1606.8007117437724,0,0.0,0.1,15,0,False,0.0,0.0,0.0,0.0,0.0,0.0
E3_141plate5.tif,E3,8,39,2208.711743772242,1606.8007117437724,1,0.1,0.2,51,0,False,0.0,0.0,0.0,0.0,0.0,0.0
E3_141plate5.tif,E3,8,39,2208.711743772242,1606.8007117437724,2,0.2,0.3,101,0,False,0.0,0.0,0.0,0.0,0.0,0.0
E3_141plate5.tif,E3,8,39,2208.711743772242,1606.8007117437724,3,0.3,0.4,161,2,True,0.012422360248447204,0.023809523809523808,3275.0,1637.5,0.02117972695936726,0.02117972695936726
E3_141plate5.tif,E3,8,39,2208.711743772242,1606.8007117437724,4,0.4,0.5,236,23,True,0.09745762711864407,0.27380952380952384,42069.0,1829.0869565217392,0.27206410181789964,0.2932438287772669
E3_141plate5.tif,E3,8,39,2208.711743772242,1606.8007117437724,5,0.5,0.6,335,57,True,0.1701492537313433,0.6785714285714286,106147.0,1862.2280701754387,0.6864624358949486,0.9797062646722154
E3_141plate5.tif,E3,8,39,2208.711743772242,1606.8007117437724,6,0.6,0.7,511,2,True,0.003913894324853229,0.023809523809523808,3138.0,1569.0,0.020293735327784567,1.0
E3_141plate5.tif,E3,8,39,2208.711743772242,1606.8007117437724,7,0.7,0.8,658,0,False,0.0,0.0,0.0,0.0,0.0,1.0
E3_141plate5.tif,E3,8,39,2208.711743772242,1606.8007117437724,8,0.8,0.9,765,0,False,0.0,0.0,0.0,0.0,0.0,1.0
E3_141plate5.tif,E3,8,39,2208.711743772242,1606.8007117437724,9,0.9,1.0,1037,0,False,0.0,0.0,0.0,0.0,0.0,1.0
E3_141plate5.tif,E3,8,40,2240.251798561151,1299.5755395683452,0,0.0,0.1,4,0,False,0.0,0.0,0.0,0.0,0.0,0.0
E3_141plate5.tif,E3,8,40,2240.251798561151,1299.5755395683452,1,0.1,0.2,31,0,False,0.0,0.0,0.0,0.0,0.0,0.0
E3_141plate5.tif,E3,8,40,2240.251798561151,1299.5755395683452,2,0.2,0.3,55,0,False,0.0,0.0,0.0,0.0,0.0,0.0
E3_141plate5.tif,E3,8,40,2240.251798561151,1299.5755395683452,3,0.3,0.4,91,3,True,0.03296703296703297,0.125,4846.0,1615.3333333333333,0.10598372845770274,0.10598372845770274
E3_141plate5.tif,E3,8,40,2240.251798561151,1299.5755395683452,4,0.4,0.5,142,13,True,0.09154929577464789,0.5416666666666666,26354.0,2027.2307692307693,0.5763712711048902,0.6823549995625929
E3_141plate5.tif,E3,8,40,2240.251798561151,1299.5755395683452,5,0.5,0.6,228,8,True,0.03508771929824561,0.3333333333333333,14524.0,1815.5,0.31764500043740707,1.0
E3_141plate5.tif,E3,8,40,2240.251798561151,1299.5755395683452,6,0.6,0.7,320,0,False,0.0,0.0,0.0,0.0,0.0,1.0
E3_141plate5.tif,E3,8,40,2240.251798561151,1299.5755395683452,7,0.7,0.8,466,0,False,0.0,0.0,0.0,0.0,0.0,1.0
E3_141plate5.tif,E3,8,40,2240.251798561151,1299.5755395683452,8,0.8,0.9,781,0,False,0.0,0.0,0.0,0.0,0.0,1.0
E3_141plate5.tif,E3,8,40,2240.251798561151,1299.5755395683452,9,0.9,1.0,1278,0,False,0.0,0.0,0.0,0.0,0.0,1.0
E3_143plate5.tif,E3,10,0,294.0,64.8112582781457,0,0.0,0.1,9,0,False,0.0,0.0,0.0,0.0,0.0,0.0
E3_143plate5.tif,E3,10,0,294.0,64.8112582781457,1,0.1,0.2,43,0,False,0.0,0.0,0.0,0.0,0.0,0.0
E3_143plate5.tif,E3,10,0,294.0,64.8112582781457,2,0.2,0.3,133,1,True,0.007518796992481203,0.010416666666666666,1597.0,1597.0,0.009648497444386714,0.009648497444386714
E3_143plate5.tif,E3,10,0,294.0,64.8112582781457,3,0.3,0.4,259,36,True,0.138996138996139,0.375,62755.0,1743.1944444444443,0.3791430539276695,0.38879155137205623
E3_143plate5.tif,E3,10,0,294.0,64.8112582781457,4,0.4,0.5,369,24,True,0.06504065040650407,0.25,40053.0,1668.875,0.24198576589857296,0.6307773172706292
E3_143plate5.tif,E3,10,0,294.0,64.8112582781457,5,0.5,0.6,491,32,True,0.06517311608961303,0.3333333333333333,56257.0,1758.03125,0.3398844838627823,0.9706618011334116
E3_143plate5.tif,E3,10,0,294.0,64.8112582781457,6,0.6,0.7,611,3,True,0.004909983633387889,0.03125,4856.0,1618.6666666666667,0.02933819886658853,1.0000000000000002
E3_143plate5.tif,E3,10,0,294.0,64.8112582781457,7,0.7,0.8,746,0,False,0.0,0.0,0.0,0.0,0.0,1.0000000000000002
E3_143plate5.tif,E3,10,0,294.0,64.8112582781457,8,0.8,0.9,888,0,False,0.0,0.0,0.0,0.0,0.0,1.0000000000000002
E3_143plate5.tif,E3,10,0,294.0,64.8112582781457,9,0.9,1.0,1182,0,False,0.0,0.0,0.0,0.0,0.0,1.0000000000000002
E3_143plate5.tif,E3,10,1,426.65486725663715,696.1061946902655,0,0.0,0.1,2,0,False,0.0,0.0,0.0,0.0,0.0,0.0
E3_143plate5.tif,E3,10,1,426.65486725663715,696.1061946902655,1,0.1,0.2,10,0,False,0.0,0.0,0.0,0.0,0.0,0.0
E3_143plate5.tif,E3,10,1,426.65486725663715,696.1061946902655,2,0.2,0.3,27,0,False,0.0,0.0,0.0,0.0,0.0,0.0
E3_143plate5.tif,E3,10,1,426.65486725663715,696.1061946902655,3,0.3,0.4,119,8,True,0.06722689075630252,0.19047619047619047,24299.0,3037.375,0.18074637190654358,0.18074637190654358
E3_143plate5.tif,E3,10,1,426.65486725663715,696.1061946902655,4,0.4,0.5,245,34,True,0.13877551020408163,0.8095238095238095,110138.0,3239.3529411764707,0.8192536280934564,1.0
E3_143plate5.tif,E3,10,1,426.65486725663715,696.1061946902655,5,0.5,0.6,290,0,False,0.0,0.0,0.0,0.0,0.0,1.0
E3_143plate5.tif,E3,10,1,426.65486725663715,696.1061946902655,6,0.6,0.7,386,0,False,0.0,0.0,0.0,0.0,0.0,1.0
E3_143plate5.tif,E3,10,1,426.65486725663715,696.1061946902655,7,0.7,0.8,525,0,False,0.0,0.0,0.0,0.0,0.0,1.0
E3_143plate5.tif,E3,10,1,426.65486725663715,696.1061946902655,8,0.8,0.9,701,0,False,0.0,0.0,0.0,0.0,0.0,1.0
E3_143plate5.tif,E3,10,1,426.65486725663715,696.1061946902655,9,0.9,1.0,1020,0,False,0.0,0.0,0.0,0.0,0.0,1.0
E3_143plate5.tif,E3,10,2,481.65587044534414,414.3076923076923,0,0.0,0.1,15,0,False,0.0,0.0,0.0,0.0,0.0,0.0
E3_143plate5.tif,E3,10,2,481.65587044534414,414.3076923076923,1,0.1,0.2,57,0,False,0.0,0.0,0.0,0.0,0.0,0.0
E3_143plate5.tif,E3,10,2,481.65587044534414,414.3076923076923,2,0.2,0.3,114,10,True,0.08771929824561403,0.05917159763313609,31855.0,3185.5,0.0543686967385609,0.0543686967385609
E3_143plate5.tif,E3,10,2,481.65587044534414,414.3076923076923,3,0.3,0.4,168,46,True,0.27380952380952384,0.27218934911242604,174544.0,3794.4347826086955,0.2979039335594215,0.3522726302979824
E3_143plate5.tif,E3,10,2,481.65587044534414,414.3076923076923,4,0.4,0.5,223,59,True,0.2645739910313901,0.34911242603550297,207008.0,3508.6101694915255,0.35331204440295133,0.7055846747009338
E3_143plate5.tif,E3,10,2,481.65587044534414,414.3076923076923,5,0.5,0.6,283,39,True,0.13780918727915195,0.23076923076923078,133245.0,3416.5384615384614,0.22741663779405263,0.9330013124949864
E3_143plate5.tif,E3,10,2,481.65587044534414,414.3076923076923,6,0.6,0.7,348,15,True,0.04310344827586207,0.08875739644970414,39255.0,2617.0,0.06699868750501359,1.0
E3_143plate5.tif,E3,10,2,481.65587044534414,414.3076923076923,7,0.7,0.8,413,0,False,0.0,0.0,0.0,0.0,0.0,1.0
E3_143plate5.tif,E3,10,2,481.65587044534414,414.3076923076923,8,0.8,0.9,497,0,False,0.0,0.0,0.0,0.0,0.0,1.0
E3_143plate5.tif,E3,10,2,481.65587044534414,414.3076923076923,9,0.9,1.0,703,0,False,0.0,0.0,0.0,0.0,0.0,1.0
E3_143plate5.tif,E3,10,3,516.7887323943662,1086.8394366197183,0,0.0,0.1,9,0,False,0.0,0.0,0.0,0.0,0.0,0.0
E3_143plate5.tif,E3,10,3,516.7887323943662,1086.8394366197183,1,0.1,0.2,35,0,False,0.0,0.0,0.0,0.0,0.0,0.0
E3_143plate5.tif,E3,10,3,516.7887323943662,1086.8394366197183,2,0.2,0.3,57,0,False,0.0,0.0,0.0,0.0,0.0,0.0
E3_143plate5.tif,E3,10,3,516.7887323943662,1086.8394366197183,3,0.3,0.4,88,0,False,0.0,0.0,0.0,0.0,0.0,0.0
E3_143plate5.tif,E3,10,3,516.7887323943662,1086.8394366197183,4,0.4,0.5,111,0,False,0.0,0.0,0.0,0.0,0.0,0.0
E3_143plate5.tif,E3,10,3,516.7887323943662,1086.8394366197183,5,0.5,0.6,136,0,False,0.0,0.0,0.0,0.0,0.0,0.0
E3_143plate5.tif,E3,10,3,516.7887323943662,1086.8394366197183,6,0.6,0.7,164,0,False,0.0,0.0,0.0,0.0,0.0,0.0
E3_143plate5.tif,E3,10,3,516.7887323943662,1086.8394366197183,7,0.7,0.8,192,0,False,0.0,0.0,0.0,0.0,0.0,0.0
E3_143plate5.tif,E3,10,3,516.7887323943662,1086.8394366197183,8,0.8,0.9,222,0,False,0.0,0.0,0.0,0.0,0.0,0.0
E3_143plate5.tif,E3,10,3,516.7887323943662,1086.8394366197183,9,0.9,1.0,316,0,False,0.0,0.0,0.0,0.0,0.0,0.0
E3_143plate5.tif,E3,10,4,638.2404580152672,364.6793893129771,0,0.0,0.1,21,0,False,0.0,0.0,0.0,0.0,0.0,0.0
E3_143plate5.tif,E3,10,4,638.2404580152672,364.6793893129771,1,0.1,0.2,86,2,True,0.023255813953488372,0.005494505494505495,8190.0,4095.0,0.006348458270320299,0.006348458270320299
E3_143plate5.tif,E3,10,4,638.2404580152672,364.6793893129771,2,0.2,0.3,195,62,True,0.31794871794871793,0.17032967032967034,217344.0,3505.548387096774,0.16847366475024358,0.17482212302056388
E3_143plate5.tif,E3,10,4,638.2404580152672,364.6793893129771,3,0.3,0.4,336,112,True,0.3333333333333333,0.3076923076923077,404090.0,3607.9464285714284,0.31322936537896573,0.4880514883995296
E3_143plate5.tif,E3,10,4,638.2404580152672,364.6793893129771,4,0.4,0.5,464,118,True,0.2543103448275862,0.3241758241758242,435920.0,3694.237288135593,0.33790231125739006,0.8259537996569197
E3_143plate5.tif,E3,10,4,638.2404580152672,364.6793893129771,5,0.5,0.6,577,46,True,0.07972270363951472,0.12637362637362637,155429.0,3378.891304347826,0.12048040543316407,0.9464342050900838
E3_143plate5.tif,E3,10,4,638.2404580152672,364.6793893129771,6,0.6,0.7,703,24,True,0.034139402560455195,0.06593406593406594,69104.0,2879.3333333333335,0.05356579490991623,1.0
E3_143plate5.tif,E3,10,4,638.2404580152672,364.6793893129771,7,0.7,0.8,863,0,False,0.0,0.0,0.0,0.0,0.0,1.0
E3_143plate5.tif,E3,10,4,638.2404580152672,364.6793893129771,8,0.8,0.9,1013,0,False,0.0,0.0,0.0,0.0,0.0,1.0
E3_143plate5.tif,E3,10,4,638.2404580152672,364.6793893129771,9,0.9,1.0,1361,0,False,0.0,0.0,0.0,0.0,0.0,1.0
E3_143plate5.tif,E3,10,5,631.1402714932127,408.3122171945701,0,0.0,0.1,14,0,False,0.0,0.0,0.0,0.0,0.0,0.0
E3_143plate5.tif,E3,10,5,631.1402714932127,408.3122171945701,1,0.1,0.2,59,0,False,0.0,0.0,0.0,0.0,0.0,0.0
E3_143plate5.tif,E3,10,5,631.1402714932127,408.3122171945701,2,0.2,0.3,146,21,True,0.14383561643835616,0.058823529411764705,68163.0,3245.8571428571427,0.057960748966854304,0.057960748966854304
E3_143plate5.tif,E3,10,5,631.1402714932127,408.3122171945701,3,0.3,0.4,251,144,True,0.5737051792828686,0.40336134453781514,503808.0,3498.6666666666665,0.42840087753609635,0.4863616265029507
E3_143plate5.tif,E3,10,5,631.1402714932127,408.3122171945701,4,0.4,0.5,356,98,True,0.2752808988764045,0.27450980392156865,320201.0,3267.3571428571427,0.2722751313753167,0.7586367578782673
E3_143plate5.tif,E3,10,5,631.1402714932127,408.3122171945701,5,0.5,0.6,490,73,True,0.1489795918367347,0.20448179271708683,233937.0,3204.6164383561645,0.19892263737011276,0.9575593952483801
E3_143plate5.tif,E3,10,5,631.1402714932127,408.3122171945701,6,0.6,0.7,618,21,True,0.03398058252427184,0.058823529411764705,49911.0,2376.714285714286,0.04244060475161987,1.0
E3_143plate5.tif,E3,10,5,631.1402714932127,408.3122171945701,7,0.7,0.8,739,0,False,0.0,0.0,0.0,0.0,0.0,1.0
E3_143plate5.tif,E3,10,5,631.1402714932127,408.3122171945701,8,0.8,0.9,894,0,False,0.0,0.0,0.0,0.0,0.0,1.0
E3_143plate5.tif,E3,10,5,631.1402714932127,408.3122171945701,9,0.9,1.0,1148,0,False,0.0,0.0,0.0,0.0,0.0,1.0
E3_143plate5.tif,E3,10,6,861.3304347826087,297.61304347826086,0,0.0,0.1,7,0,False,0.0,0.0,0.0,0.0,0.0,0.0
E3_143plate5.tif,E3,10,6,861.3304347826087,297.61304347826086,1,0.1,0.2,28,0,False,0.0,0.0,0.0,0.0,0.0,0.0
E3_143plate5.tif,E3,10,6,861.3304347826087,297.61304347826086,2,0.2,0.3,81,0,False,0.0,0.0,0.0,0.0,0.0,0.0
E3_143plate5.tif,E3,10,6,861.3304347826087,297.61304347826086,3,0.3,0.4,121,3,True,0.024793388429752067,0.03409090909090909,4521.0,1507.0,0.028565290739184554,0.028565290739184554
E3_143plate5.tif,E3,10,6,861.3304347826087,297.61304347826086,4,0.4,0.5,186,29,True,0.15591397849462366,0.32954545454545453,49601.0,1710.3793103448277,0.3133968117571982,0.34196210249638276
E3_143plate5.tif,E3,10,6,861.3304347826087,297.61304347826086,5,0.5,0.6,266,24,True,0.09022556390977443,0.2727272727272727,41006.0,1708.5833333333333,0.25909053573346646,0.6010526382298492
E3_143plate5.tif,E3,10,6,861.3304347826087,297.61304347826086,6,0.6,0.7,370,24,True,0.06486486486486487,0.2727272727272727,46964.0,1956.8333333333333,0.2967353050818543,0.8977879433117035
E3_143plate5.tif,E3,10,6,861.3304347826087,297.61304347826086,7,0.7,0.8,433,8,True,0.018475750577367205,0.09090909090909091,16177.0,2022.125,0.10221205668829651,1.0
E3_143plate5.tif,E3,10,6,861.3304347826087,297.61304347826086,8,0.8,0.9,519,0,False,0.0,0.0,0.0,0.0,0.0,1.0
E3_143plate5.tif,E3,10,6,861.3304347826087,297.61304347826086,9,0.9,1.0,672,0,False,0.0,0.0,0.0,0.0,0.0,1.0
